Year,AC_No,AC_Name,AC_Type,Cand,Sex,Party,Turnout
1998,1,ABDASA,GEN,IBRAHIM ISHAQ MANDHRA,M,INC,65.25
1998,45,AMRELI,GEN,RUPALA PARSHOTAMBHAI KHODABHAI,M,BJP,57.96
1998,133,ANAND,GEN,PATEL DILIPBHAI MANIBHAI,M,BJP,60.93
1998,5,ANJAR,GEN,AHIR VASANBHAI GOPALBHAI,M,BJP,49.05
1998,157,ANKLESHWAR,GEN,PATEL JAYANTIBHAI ZINABHAI,M,BJP,59.31
1998,72,ASARWA,GEN,PATEL AMRISHKUMAR GOVINDLAL,M,BJP,51.3
1998,43,BABRA,GEN,UNDHAD BAVKUBHAI NATHABHAI,M,BJP,63.47
1998,124,BALASINOR,GEN,CHAUHAN MANSHINH KOHYABHAI,M,AIRJP,60.58
1998,166,BARDOLI,ST,RAJWADI RAJNIKANT PRABHUBHAI,M,BJP,62.09
1998,147,BARODA CITY,GEN,LAKHAWALA BHUPENDRA GATULAL,M,BJP,52.72
1998,151,BARODA RURAL,GEN,CHUDASAMA DILUBHA TEMUBHA,M,BJP,55.11
1998,61,BAVLA,SC,MAKWANA GUNVANTBHAI N.,M,INC,56.56
1998,109,BAYAD,GEN,DR. PATEL MAHENDRABHAI SOMABHAI,M,BJP,74.08
1998,139,BHADRAN,GEN,PARMAR DHIRSINH CHHATRASINH,M,INC,61.96
1998,29,BHANVAD,GEN,BERA MURUBHAI HARADAS,M,BJP,56.75
1998,57,BHAVNAGAR NORTH,GEN,MAHENDRA TRIVEDI,M,BJP,51.73
1998,58,BHAVNAGAR SOUTH,GEN,OZA SUNIL BALKRISHNABHAI (SUNIL OZA),M,BJP,53.19
1998,105,BHILODA,GEN,UPENDRA TRIVEDI,M,IND,62.27
1998,3,BHUJ,GEN,ZAVERI MUKESH BABULAL,M,BJP,58.04
1998,138,BORSAD,GEN,SOLANKI BHARATBHAI MADHAVSINH,M,INC,61.6
1998,49,BOTAD,GEN,SAURABH PATEL,M,BJP,63.36
1998,156,BROACH,GEN,BIPINBHAI ISHWARLAL SHAH,M,BJP,57.26
1998,178,BULSAR,GEN,DESAI DOLATRAI NATHUBHAI,M,BJP,54.13
1998,140,CAMBAY,GEN,SHUKAL SHIRISKUMAR MADHUSUDAN,M,BJP,60
1998,132,CHAKALASI,GEN,SHANKARBHAI DESAIBHAI VAGHELA,M,INC,69
1998,92,CHANASMA,GEN,ARVIND T. PATEL,M,BJP,73.58
1998,141,CHHOTA UDAIPUR,ST,RATHWA SUKHRAMBHAI HARIYABHAI,M,INC,49.51
1998,176,CHIKHLI,ST,KANJIBHAI MAGANBHAI PATEL,M,BJP,60.57
1998,172,CHORASI,GEN,NAROTTAMBHAI PATEL,M,BJP,38.55
1998,10,CHOTILA,GEN,SAVASHIBHAI KANJIBHAI MAKWANA,M,INC,52.91
1998,145,DABHOI,GEN,SIDDHARTH CHIMANBHAI PATEL,M,INC,64.17
1998,177,DANGS-BANSDA,ST,BHOYE MADHUBHAI JELYABHAI,M,INC,49.34
1998,102,DANTA,GEN,GADHVI MUKESH B.,M,INC,64.42
1998,69,DARIAPUR-KAZIPUR,GEN,BAROT BHARATKUMAR CHIMANLAL,M,BJP,49.11
1998,7,DASADA,SC,FAKIRBHAI RAGHABHAI VAGHELA,M,BJP,56.85
1998,65,DASKROI,GEN,PATEL VIJAYBHAI HARISHCHANDRA,M,BJP,54.97
1998,159,DEDIAPADA,ST,VASAVA AMARSIH RAMSING,M,JD,61.42
1998,98,DEESA,GEN,GORDHANJI GIGAJI MALI,M,BJP,69.14
1998,66,DEHGAM,GEN,GABHAJI MANGAJI THAKOR,M,BJP,62.53
1998,96,DEODAR,GEN,VAGELA LILADHARBHAI KHODAJI,M,BJP,68.29
1998,116,DEVGADH BARIA,GEN,MAHARAUL URVASHIDEVI JAYDIPSINH,F,INC,54.91
1998,59,DHANDHUKA,GEN,BHARAT PANDYA,M,BJP,53.59
1998,99,DHANERA,GEN,PATEL HARJIVANBHAI HIRABHAI,M,BJP,68.6
1998,179,DHARAMPUR,ST,CHAUDHARY HIRABHAI RAMJIBHAI,M,BJP,52.85
1998,46,DHARI,GEN,BALUBHAI TANTI,M,BJP,57.02
1998,60,DHOLKA,GEN,KANJIBHAI RAYABHAI TALPADA,M,INC,59.88
1998,22,DHORAJI,GEN,RADADIA VITHALBHAI HANSRAJBHAI,M,AIRJP,60.85
1998,12,DHRANGADHRA,GEN,INDRAVIJAYSINH (I.K.) JADEJA,M,BJP,60.18
1998,114,DOHAD,ST,PATEL LALITKUMAR BHAGAWANDAS,M,INC,45.79
1998,31,DWARKA,GEN,MANEK PABUBHA VIRAMBHA,M,IND,58
1998,68,ELLIS BRIDGE,GEN,HAREN PANDYA,M,BJP,47.82
1998,50,GADHADA,SC,ATMARAM MAKANBHAI PARMAR,M,BJP,54.26
1998,175,GANDEVI,GEN,PATEL KARSANBHAI BHIKHABHAI,M,BJP,58.91
1998,79,GANDHINAGAR,GEN,PATEL VADIBHAI BHAISCHANDDAS,M,BJP,63.06
1998,56,GHOGHO,GEN,PARSHOTAMBHAI ODHAVJIBHAI SOLANKI,M,BJP,63.6
1998,120,GODHRA,GEN,PATEL RAJENDRASINH BALWANTSINH,M,JD,59.8
1998,20,GONDAL,GEN,JADEJA JAYRAJSINH TEMUBHA,M,BJP,55.07
1998,118,HALOL,GEN,BARIA UDESINH MOHANBHAI,M,INC,52.21
1998,11,HALVAD,GEN,KAVADIA JAYANTILAL RAMJIBHAI,M,BJP,64.17
1998,106,HIMATNAGAR,GEN,CHAVDA RANJITSINH NARSINH,M,BJP,60.71
1998,104,IDAR,SC,RAMANLAL VORA,M,BJP,62.53
1998,173,JALALPORE,GEN,PATEL RAMESHBHAI CHHOTUBHAI (R.C.PATEL),M,BJP,61.05
1998,76,JAMALPUR,GEN,DEVDIWALA USMANGANI I.,M,IND,53.42
1998,154,JAMBUSAR,GEN,MORI CHHATRASINH PUJABHAI,M,BJP,62.11
1998,28,JAMJODHPUR,GEN,SAPARIYA CHIMANLAL DHARAMSHIBHAI,M,BJP,58.62
1998,25,JAMNAGAR,GEN,KHATTAR PARMANAND VISHANDAS (PARMAAND,M,BJP,42.87
1998,26,JAMNAGAR RURAL,SC,ZALA MANHARBHAI VALJI,M,BJP,36.81
1998,16,JASDAN,GEN,KUNVARJIBHAI MOHANBHAI BAVALIYA,M,INC,57.67
1998,21,JETPUR,GEN,KORAT SAVJIBHAI JIVRAJBHAI,M,BJP,45.52
1998,142,JETPUR-I,GEN,RATHWA MOHANSINH CHOTUBHAI,M,INC,57.74
1998,158,JHAGADIA,ST,VASAVA CHHOTUBHAI AMARSANG,M,JD,63.36
1998,112,JHALOD,ST,MACHHAR DITABHAI BHIMABHAI,M,INC,53.25
1998,24,JODIYA,GEN,KASUNDRA MAGANBHAI AMBABHAI,M,BJP,61.56
1998,82,JOTANA,SC,ISHVARBHAI DHANABHAI MAKWANA,M,BJP,63.54
1998,42,JUNAGADH,GEN,MASHARU MAHENDRABHAI LILADHAR,M,BJP,40.9
1998,81,KADI,GEN,NITIN RATILAL PATEL,M,BJP,70.96
1998,27,KALAWAD,GEN,FALDU RANCHHOD CHANABHAI (R.C.FALDU),M,BJP,53.15
1998,119,KALOL,GEN,CHAUHAN P.P.,M,BJP,55.95
1998,80,KALOL-I,GEN,PATEL SURESHKUMAR CHATURDAS,M,INC,63.47
1998,71,KALUPUR,GEN,SHAIKHMOHMMAD FARUK H. (FARUK SHAIKH),M,INC,60.77
1998,167,KAMREJ,ST,RATHOD RAMANBHAI CHHANABHAI,M,INC,64.87
1998,97,KANKREJ,GEN,VAGHELA MAGANSINH CHIMANSINH,M,BJP,65.9
1998,125,KAPADVANJ,GEN,BIMAL SHAH,M,BJP,59.51
1998,153,KARJAN,SC,DABHI CHANDUBHAI MOTIBHAI,M,INC,63.09
1998,128,KATHLAL,GEN,ZALA GAUTAMBHAI JESANGBHAI,M,AIRJP,60.48
1998,36,KESHOD,SC,RATHOD SAMATBHAI AALABHAI,M,BJP,49.03
1998,75,KHADIA,GEN,ASHOK BHATT,M,BJP,50.52
1998,30,KHAMBHALIA,GEN,CHAVDA KARU NARAN,M,BJP,52.89
1998,103,KHEDBRAHMA,ST,AMARSINH BHILABHAI CHAUDHARY,M,INC,62.42
1998,87,KHERALU,GEN,THAKOR SHREE SHANKARJI OKHAJI,M,INC,70.82
1998,47,KODINAR,GEN,SOLANKI DINUBHAI BOGHABHAI,M,BJP,62.77
1998,53,KUNDLA,GEN,VIRANI KALUBHAI VIRJIBHAI,M,BJP,49.61
1998,33,KUTIYANA,GEN,ODEDARA KARSHAN DULA,M,BJP,42.05
1998,44,LATHI,GEN,BHADANI BECHARBHAI VIRJIBHAI,M,BJP,62.28
1998,9,LIMBDI,GEN,RANA KIRITSINH JEETUBHA,M,BJP,60.54
1998,113,LIMDI,ST,KISHORI BACHUBHAI NATHABHAI,M,INC,41.23
1998,115,LIMKHEDA,ST,PASAYA NAGARSINH GULABSINH,M,INC,44.36
1998,122,LUNAVADA,GEN,SOLANKI SURPALSINH HIMATSINH,M,INC,65.17
1998,130,MAHUDHA,GEN,THAKOR NATVARSINH FULSINH,M,INC,55.89
1998,54,MAHUVA,GEN,DR.KANUBHAI KALASARIA,M,BJP,52.45
1998,165,MAHUVA-I,ST,PATEL DEVDATTKUMAR KIKABHAI,M,BJP,64.07
1998,41,MALIYA,GEN,SOLANKI DEVANANDBHAI SAMATBHAI,M,BJP,59.27
1998,35,MANAVADAR,GEN,SUREJA RATILAL GORDHANBHAI,M,BJP,62.38
1998,62,MANDAL,GEN,PATEL ANANDIBEN MAFATBHAI,F,BJP,62.79
1998,2,MANDVI,GEN,MEHTA SURESHCHANDRA RUPSHANKAR,M,BJP,60.42
1998,34,MANGROL,GEN,KARGATIA BHAGVANJI LAKHABHAI,M,BJP,52.98
1998,162,MANGROL-I,ST,CHAUDHARI RAMANBHAI KANSARABHAI,M,JD,55.74
1998,77,MANINAGAR,GEN,KAMLESH PATEL,M,BJP,41.57
1998,84,MANSA,GEN,PATEL MANGALDAS MADHAVLAL,M,BJP,74.87
1998,137,MATAR,GEN,CHAVDA DHIRUBHAI AMARSING,M,INC,66.09
1998,110,MEGHRAJ,GEN,PATEL SHIVABHAI D.,M,INC,63.76
1998,129,MEHMEDABAD,GEN,CHAUHAN SUNDARSINH BHALABHAI,M,BJP,50.81
1998,83,MEHSANA,GEN,KHODABHAI N.PATEL,M,BJP,62.83
1998,108,MODASA,GEN,PARMAR DILIPSINH VAKHATSINH,M,BJP,67.56
1998,13,MORVI,GEN,AMRUTIYA KANTILAL SHIVABHAI,M,BJP,57.07
1998,180,MOTA PONDHA,ST,PATEL BARAJULBHAI NAVALABHAI,M,INC,54.14
1998,4,MUNDRA,SC,SODHAM PARBAT MAYABHAI,M,BJP,54.1
1998,131,NADIAD,GEN,DESAI PANKAJKUMAR VINUBHAI (GOTIYO),M,BJP,53.29
1998,78,NARODA,GEN,KODNANI MAYABEN SURENDRABHAI,F,BJP,47.15
1998,143,NASVADI,ST,BHIL DHIRUBHAI CHUNILAL,M,INC,53.57
1998,174,NAVSARI,ST,PATEL MANGUBHAI CHHAGANBHAI,M,BJP,58.15
1998,161,NIJHAR,ST,VASAVA PARESHBHAI GOVINDBHAI,M,INC,57.31
1998,168,OLPAD,GEN,PATEL DHANSUKHBHAI NATHUBHAI,M,BJP,49.3
1998,152,PADRA,GEN,JEETSINH SOMSINH PARMAR,M,AIRJP,69.46
1998,100,PALANPUR,GEN,TRIVEDI REKHABEN HITENDRABHAI,F,BJP,60.19
1998,51,PALITANA,GEN,GOTI KURJIBHAI RAMJIBHAI,M,BJP,59.21
1998,181,PARDI,ST,CHANDRAVADAN MAKANJI PATEL,M,BJP,55.01
1998,91,PATAN,GEN,PATEL MOHANBHAI HIRABHAI,M,BJP,55.99
1998,135,PETLAD,GEN,PATEL NIRANJAN PARSOTTAMDAS,M,INC,63.26
1998,32,PORBANDAR,GEN,BOKHIRIYA BABUBHAI BHIMABHAI,M,BJP,53.47
1998,107,PRANTIJ,GEN,RATHOD DIPSINH SHANKARSINH,M,BJP,63.21
1998,94,RADHANPUR,GEN,PATEL SHANKARBHAI LAGDHIRBHAI (SHANKARBHAI,M,BJP,57.66
1998,117,RAJGADH,GEN,VAKIL PARMAR LAXMANSINH MOTISINH,M,INC,51.24
1998,19,RAJKOT RURAL,SC,BABARIYA MADHUBHAI HAMIRBHAI,M,BJP,44.32
1998,17,RAJKOT-I,GEN,RAMESH DHANJIBHAI RUPAPARA,M,BJP,46.27
1998,18,RAJKOT-II,GEN,VALA VAJUBHAI ROODABHAI,M,BJP,45.28
1998,160,RAJPIPLA,ST,VASAVA PREMSINH DEVJIBHAI,M,INC,62.65
1998,48,RAJULA,GEN,SOLANKI HIRABHAI ODHAVAJIBHAI,M,BJP,59.3
1998,73,RAKHIAL,GEN,JHADFIYA GORDHANBHAI P.,M,BJP,52.88
1998,123,RANDHIKPUR,ST,BHABHOR JASWANTSINH SUMANBHAI,M,BJP,59.53
1998,149,RAOPURA,GEN,YOGESH PATEL,M,BJP,50.49
1998,6,RAPAR,GEN,DHIRUBHAI SWARUPCHAND SHAH,M,BJP,51.37
1998,67,SABARMATI,GEN,OZA YATINBHAI NARENDRAKUMAR,M,BJP,52.94
1998,93,SAMI,GEN,THAKOR DILIPKUMAR VIRAJIBHAI,M,BJP,64.78
1998,144,SANKHEDA,ST,BABARBHAI AMBALAL TADVI,M,INC,56.31
1998,111,SANTRAMPUR,GEN,DR.BHAMAT MANSINH VALLABHBHAI,M,INC,59.11
1998,64,SARKHEJ,GEN,SHAH AMIT ANILCHANDRA (AMIT SHAH),M,BJP,45.46
1998,134,SARSA,GEN,PARMAR GOVINDBHAI RAIJIBHAI,M,INC,65.79
1998,146,SAVLI,GEN,CHAUHAN KHUMANSINH RAYSINH,M,INC,64.65
1998,148,SAYAJIGANJ,GEN,JASPALSINGH,M,BJP,49.19
1998,74,SHAHER KOTDA,SC,MANUBHAI PARMAR,M,INC,50.49
1998,70,SHAHPUR,GEN,KAUSHIKKUMAR JAMNADAS PATEL (KAUSHIK PATEL),M,BJP,55.88
1998,121,SHEHRA,GEN,BHARWAD JETHABHAI GHELABHAI,M,SP,59.37
1998,89,SIDHPUR,GEN,JAY NARAYAN VYAS,M,BJP,65.94
1998,52,SIHOR,GEN,KESHUBHAI HIRJIBHAI NAKARANI,M,BJP,62.15
1998,136,SOJITRA,SC,MAKWANA BHARATKUMAR YOGENDRABHAI,M,INC,58.02
1998,38,SOMNATH,GEN,GOHEL CHUNILAL KANJI,M,BJP,61.1
1998,163,SONGADH,ST,VASAVA NAGARBHAI DIVELIYABHAI,M,INC,54.46
1998,170,SURAT CITY EAST,GEN,KHASI GULABDAS NAGINDAS,M,BJP,48.51
1998,169,SURAT CITY NORTH,GEN,GAJERA DHIRUBHAI HARIBHAI,M,BJP,44.73
1998,171,SURAT CITY WEST,GEN,CHAPATWALA HEMANTBHAI CHAMPAKLAL,M,BJP,42.24
1998,55,TALAJA,GEN,GOHIL SHEEVABHAI JERAMBHAI (SHEEVABHAI GOHIL),M,BJP,48.19
1998,37,TALALA,GEN,BARAD JASHUBHAI DHANABHAI,M,INC,70.13
1998,14,TANKARA,GEN,KUNDARIYA MOHANBHAI KALYANJIBHAI,M,BJP,63.41
1998,126,THASRA,GEN,PARMAR RAMSINH PRABHATBHAI,M,INC,61.78
1998,182,UMBERGAON,ST,PATKAR RAMANLAL NANUBHAI,M,BJP,54.86
1998,127,UMRETH,GEN,SUBHASH S. SHELAT,M,INC,62.18
1998,39,UNA,GEN,VANSH PUNJABHAI BHIMABHAI,M,INC,56.52
1998,88,UNJHA,GEN,PATEL NARAYANBHAI LALLUDAS,M,BJP,65.53
1998,23,UPLETA,GEN,MAKADIA PRAVINBHAI MOHAN,M,BJP,53.43
1998,101,VADGAM,SC,DOLATBHAI PARMAR,M,INC,62.68
1998,90,VAGDOD,GEN,DESAI RANCHHOD MAHIJIBHAI,M,BJP,60.74
1998,150,VAGHODIA,GEN,SHRIVASTAVA MADHUBHAI BABUBHAI,M,BJP,60.5
1998,155,VAGRA,GEN,PATEL IQBAL IBRAHIM,M,INC,67.64
1998,95,VAV,GEN,RAJPUT HEMAJI DARAGHAJI,M,INC,75.56
1998,85,VIJAPUR,GEN,RAVAL NARESHKUMAR GANGARAM,M,INC,71.28
1998,63,VIRAMGAM,GEN,PREMJIBHAI VADLANI,M,INC,65.61
1998,40,VISAVADAR,GEN,PATEL KESHUBHAI SAVDAS,M,BJP,56.54
1998,86,VISNAGAR,GEN,PATEL PRAHALADBHAI MOHANLAL (GOSA),M,BJP,73.79
1998,164,VYARA,ST,GAMIT PRATAPBHAI BABUBHAI,M,INC,60.32
1998,8,WADHWAN,GEN,KELA DHANRAJBHAI GOVINDBHAI,M,BJP,52.86
1998,15,WANKANER,GEN,KHURSHID HAIDAR ABDUL MUTTLIB PIRZADA (MEER,M,INC,64.82
2002,1,ABDASA,GEN,JADEJA NARENDRASINH MADHAVSINHAJ,M,BJP,71.88
2002,45,AMRELI,GEN,DHANANI PARESHBHAI DHIRAJLAL,M,INC,61.02
2002,133,ANAND,GEN,PATEL DILIPBHAI MANIBHAI,M,BJP,65.03
2002,5,ANJAR,GEN,AACHARYA NIMABEN BHAVESH,F,INC,52.79
2002,157,ANKLESHWAR,GEN,PATEL ISHWARSINH THAKORBHAI,M,BJP,69.96
2002,72,ASARWA,GEN,JADEJA PRADIPSINH BHAGVATSINH,M,BJP,53.6
2002,43,BABRA,GEN,UNDHAD BAVKUBHAI NATHABHAI,M,BJP,68.6
2002,124,BALASINOR,GEN,RAJESH PATHAK (PAPPU PATHAK),M,BJP,70.6
2002,166,BARDOLI,ST,ANILKUMAR MOHANBHAI PATEL (RATHOD),M,INC,62.53
2002,147,BARODA CITY,GEN,BHUPENDRA LAKHAWALA,M,BJP,61.24
2002,151,BARODA RURAL,GEN,DILUBHA CHUDASAMA,M,BJP,63.2
2002,61,BAVLA,SC,LAKUM KANTIBHAI RAMABHAI,M,BJP,57.3
2002,109,BAYAD,GEN,SOLANKI RAMSINHJI RUPSINHJI,M,INC,72.79
2002,139,BHADRAN,GEN,PARMAR RAJENDRASINH DHIRSINH,M,INC,65.79
2002,29,BHANVAD,GEN,MADAM VIKRAMBHAI ARJANBHAI,M,INC,69.72
2002,57,BHAVNAGAR NORTH,GEN,TRIVEDI MAHENDRABHAI SHANTIBHAI (MAHENDRA,M,BJP,50.34
2002,58,BHAVNAGAR SOUTH,GEN,OZA SUNIL BALKRISHNABHAI,M,BJP,54.65
2002,105,BHILODA,GEN,DR. ANIL JOSHIYARA,M,INC,63.18
2002,3,BHUJ,GEN,AHIR SHIVJIBHAI KARSHANBHAI,M,INC,64.26
2002,138,BORSAD,GEN,SOLANKI BHARATBHAI MADHAVSINH,M,INC,68.67
2002,49,BOTAD,GEN,SAURABH PATEL,M,BJP,66.89
2002,156,BROACH,GEN,MISTRY RAMESHBHAI NARANDAS,M,BJP,70.09
2002,178,BULSAR,GEN,DESAI DOLATRAI NATHUBHAI,M,BJP,58.79
2002,140,CAMBAY,GEN,SHUKAL SHIRISHKUMAR MADHUSUDAN,M,BJP,65.62
2002,132,CHAKALASI,GEN,VAGHELA SHANKERBHAI DESAIBHAI,M,INC,66.68
2002,92,CHANASMA,GEN,DESAI MALAJIBHAI DEVAJIBHAI,M,INC,72.7
2002,141,CHHOTA UDAIPUR,ST,RATHWA SHANKARBHAI VICHHIYABHAI,M,BJP,60.39
2002,176,CHIKHLI,ST,BHARTIBEN NARDEVBHAI PATEL,F,INC,67.03
2002,172,CHORASI,GEN,NAROTTAMBHAI PATEL,M,BJP,35.67
2002,10,CHOTILA,GEN,JINJARIYA POPATBHAI SAVSIBHAI,M,IND,55.15
2002,145,DABHOI,GEN,PATEL CHANDRAKANT MOTIBHAI (PROF. C. M. PATEL),M,BJP,69.86
2002,177,DANGS-BANSDA,ST,BHOYE MADHUBHAI JELIYABHAI,M,INC,55.91
2002,102,DANTA,GEN,GADHVI MUKESHKUMAR BHAIRAVDANJI,M,INC,65.65
2002,69,DARIAPUR-KAZIPUR,GEN,BAROT BHARATKUMAR CHIMANLAL (BHARAT BAROT),M,BJP,53.22
2002,7,DASADA,SC,MAKWANA MANAHARLAL MAGANLAL,M,INC,66.28
2002,65,DASKROI,GEN,PATEL BABUBHAI JAMNADAS,M,BJP,60.23
2002,159,DEDIAPADA,ST,MAHESHBHAI CHHOTUBHAI VASAVA,M,JD(U),67.63
2002,98,DEESA,GEN,RABARI GOVABHAI HAMIRABHAI,M,INC,70.57
2002,66,DEHGAM,GEN,JAGDISH THAKOR,M,INC,67.52
2002,96,DEODAR,GEN,PATEL BHEMABHAI RAMSINGBHAI,M,IND,72.87
2002,116,DEVGADH BARIA,GEN,BACHUBHAI KHABAD,M,BJP,67.05
2002,59,DHANDHUKA,GEN,BHARATBHAI BALDEVBHAI PANDYA,M,BJP,56.97
2002,99,DHANERA,GEN,PATEL HARJIVANBHAI HIRABHAI,M,BJP,68.01
2002,179,DHARAMPUR,ST,KISHANBHAI VESTABHAI PATEL,M,INC,67.98
2002,46,DHARI,GEN,BALUBHAI JIVRAJBHAI TANTI,M,BJP,58.2
2002,60,DHOLKA,GEN,CHUDASAMA BHUPENDRASINH,M,BJP,62.61
2002,22,DHORAJI,GEN,RADADIYA VITHALBHAI HANSRAJBHAI,M,INC,66.59
2002,12,DHRANGADHRA,GEN,INDRAVIJAYSINH (I.K.) JADEJA,M,BJP,71.16
2002,114,DOHAD,ST,DAMOR TERSINHBHAI BADIYABHAI,M,BJP,52.37
2002,31,DWARKA,GEN,MANEK PABUBHA VIRAMBHA,M,INC,61.39
2002,68,ELLIS BRIDGE,GEN,SHETH BHAVINBHAI NALINIBHAI (ENGINEER),M,BJP,48.46
2002,50,GADHADA,SC,MARU PRAVINBHAI TIDABHAI,M,INC,58.42
2002,175,GANDEVI,GEN,KARSANBHAI BHIKHABHAI PATEL,M,BJP,65.41
2002,79,GANDHINAGAR,GEN,DR. C. J. CHAVDA,M,INC,61.38
2002,56,GHOGHO,GEN,SOLANKI PARSOTTAM O.,M,BJP,56.57
2002,120,GODHRA,GEN,BHATT HARESHKUMAR INDUPRASAD,M,BJP,68.52
2002,20,GONDAL,GEN,JAYRAJSINH TEMUBHA JADEJA,M,BJP,60.79
2002,118,HALOL,GEN,PARMAR JAYADRATHSINHJEE CHANDRASINHJEE,M,BJP,69.25
2002,11,HALVAD,GEN,KAVADIYA JAYANTILAL RAMJIBHAI,M,BJP,72.52
2002,106,HIMATNAGAR,GEN,CHAVADA RANJITSINH NARSINH,M,BJP,67.35
2002,104,IDAR,SC,VORA RAMANLAL ISHWARLAL,M,BJP,70.04
2002,173,JALALPORE,GEN,R.C. PATEL,M,BJP,62.5
2002,76,JAMALPUR,GEN,DEVADIWALA USMANGANI ISMAILBHAI,M,INC,60.06
2002,154,JAMBUSAR,GEN,MORI CHHATRASINH PUJABHAI,M,BJP,69.31
2002,28,JAMJODHPUR,GEN,CHIMANLAL DHARAMSINHBHAI SAPARIA,M,BJP,70.78
2002,25,JAMNAGAR,GEN,TRIVEDI VASUBEN NARENDRA,F,BJP,49.85
2002,26,JAMNAGAR RURAL,SC,DR. DINESH PARMAR,M,INC,44.45
2002,16,JASDAN,GEN,KUNVARJIBHAI MOHANBHAI BAVALIYA,M,INC,77.56
2002,21,JETPUR,GEN,KORAT JASHUBEN SAVAJIBHAI,F,BJP,60.44
2002,142,JETPUR-I,GEN,BARIA VECHATBHAI HAMIRBHAI,M,BJP,67.98
2002,158,JHAGADIA,ST,VASAVA CHHOTUBHAI,M,JD(U),69.12
2002,112,JHALOD,ST,KATARA BHURABHAI JETABHAI,M,BJP,55.28
2002,24,JODIYA,GEN,BHOJANI PARSOTAMBHAI NANJIBHAI,M,BJP,69.4
2002,82,JOTANA,SC,ISHWARBHAI DHANABHAI MAKWANA,M,BJP,67.24
2002,42,JUNAGADH,GEN,MASHROO MAHENDRA LILADHAR,M,BJP,49.39
2002,81,KADI,GEN,THAKOR BALDEVJI CHANDUJI,M,INC,79.38
2002,27,KALAWAD,GEN,FALDU RANCHHODBHAI CHANABHAI (R.C. FALDU),M,BJP,64.69
2002,119,KALOL,GEN,CHAUHAN PRABHATSINH PRATAPSINH,M,BJP,73.07
2002,80,KALOL-I,GEN,DR. ATUL K. PATEL,M,BJP,68.41
2002,71,KALUPUR,GEN,SHAIKH MOHAMMED FAROOQ HUSAINMIYA (FAROOQ,M,INC,74.98
2002,167,KAMREJ,ST,RATHOD PRAVINBHAI CHHAGANBHAI,M,BJP,64.96
2002,97,KANKREJ,GEN,KHANPURA DHARSHIBHAI LAKHABHAI,M,INC,61.9
2002,125,KAPADVANJ,GEN,SHAH BIMAL KUMAR KAYANTILAL,M,BJP,68.5
2002,153,KARJAN,SC,KANODIA NARESHKUMAR MITHALAL,M,BJP,74.69
2002,128,KATHLAL,GEN,ZALA GAUTAMBHAI JESANGBHAI,M,INC,62.04
2002,36,KESHOD,SC,BORICHA MADHABHAI LAKHABHAI,M,BJP,61.93
2002,75,KHADIA,GEN,ASHOK BHATT,M,BJP,65.46
2002,30,KHAMBHALIA,GEN,CHAVADA KARUBHAI NARAN,M,BJP,56.31
2002,103,KHEDBRAHMA,ST,AMARSINH BHILABHAI CHAUDHARI,M,INC,67.5
2002,87,KHERALU,GEN,DESAI RAMILABEN RAMBHAI,F,BJP,73.85
2002,47,KODINAR,GEN,SOLANKI DINUBHAI BOGHABHAI,M,BJP,66.91
2002,53,KUNDLA,GEN,KALUBHAI VIRANI,M,BJP,55.96
2002,33,KUTIYANA,GEN,ODEDARA KARSHANBHAI DULABHAI,M,BJP,56.89
2002,44,LATHI,GEN,BHECHARBHAI BHADANI,M,BJP,61.15
2002,9,LIMBDI,GEN,BHARVAD BHAVANBHAI JIVANBHAI,M,INC,66.74
2002,113,LIMDI,ST,BHURIYA MAHESHBHAI SOMJIBHAI,M,BJP,51.61
2002,115,LIMKHEDA,ST,BABUBHAI SONIYABHAI BHABHOR,M,BJP,53.13
2002,122,LUNAVADA,GEN,MALIWAD KALUBHAI HIRABHAI,M,BJP,65.37
2002,130,MAHUDHA,GEN,THAKOR NATVARSINH FULSINH,M,INC,63.79
2002,54,MAHUVA,GEN,DR. KANUBHAI VALABHAI KALSARIYA,M,BJP,47.52
2002,165,MAHUVA-I,ST,DHODIYA MOHANBHAI DHANJIBHAI,M,BJP,59.64
2002,41,MALIYA,GEN,JOSHI BHIKHABHAI GALABHAI,M,INC,64.21
2002,35,MANAVADAR,GEN,SUREJA RATEEBHAI GORDHANBHAI,M,BJP,66.42
2002,62,MANDAL,GEN,PATEL PRAGJIBHAI NARANBHAI,M,BJP,60.42
2002,2,MANDVI,GEN,PATEL CHHABILBHAI NARANBHAI,M,INC,64.5
2002,34,MANGROL,GEN,DR. CHUDASAMA CHANDRIKABEN KANJIBHAI,F,INC,67.84
2002,162,MANGROL-I,ST,VASAVA GANPATBHAI VESTABHAI,M,BJP,68.24
2002,77,MANINAGAR,GEN,NARENDRA MODI,M,BJP,50.19
2002,84,MANSA,GEN,PRO. MANGALBHAI PATEL,M,BJP,66.57
2002,137,MATAR,GEN,RAKESH RAO ADVOCATE,M,BJP,68.27
2002,110,MEGHRAJ,GEN,PARMAR BHIKHIBEN GIRVATSINH,F,BJP,64.82
2002,129,MEHMEDABAD,GEN,CHAUHAN SUNDARSINH BHALABHAI,M,BJP,58.96
2002,83,MEHSANA,GEN,ANILBHAI TRIBHOVANDAS PATEL (APOLLO GROUP),M,BJP,63.91
2002,108,MODASA,GEN,PARMAR DILIPSINH VAKHATSINH,M,BJP,69.06
2002,13,MORVI,GEN,AMRUTIYA KANTILAL SHIVABHAI,M,BJP,62.44
2002,180,MOTA PONDHA,ST,CHAUDHARI JITUBHAI HARJIBHAI,M,INC,65.69
2002,4,MUNDRA,SC,DHUA GOPALBHAI GABHABHAI,M,BJP,58.39
2002,131,NADIAD,GEN,DESAI PANKAJKUMAR VINUBHAI (GOTIYO),M,BJP,65.35
2002,78,NARODA,GEN,KODNANI MAYABEN SURENDRABHAI,F,BJP,49.58
2002,143,NASVADI,ST,BHIL KANTIBHAI TRIKAMBHAI,M,BJP,59.85
2002,174,NAVSARI,ST,PATEL MANGUBHAI CHHAGANBHAI,M,BJP,60.83
2002,161,NIJHAR,ST,VASAVA PARESHBHAI GOVINDBHAI,M,INC,64.58
2002,168,OLPAD,GEN,PATEL DHANSUKHBHAI NATHUBHAI,M,BJP,47.83
2002,152,PADRA,GEN,POONAM PARMAR (POONAM RANCHHODSINH PARMAR),M,BJP,72.28
2002,100,PALANPUR,GEN,KACHORIYA KANTILAL DHARAMDAS,M,BJP,63.38
2002,51,PALITANA,GEN,MANDAVIYA MANSUKHBHAI LAXMANBHAI,M,BJP,57.62
2002,181,PARDI,ST,PATEL LAXMANBHAI BABUBHAI,M,INC,60.03
2002,91,PATAN,GEN,ANANDIBEN PATEL,F,BJP,58.26
2002,135,PETLAD,GEN,CHANDRAKANT DAHYABHAI PATEL (C.D. PATEL),M,BJP,72.5
2002,32,PORBANDAR,GEN,ARJUNBHAI DEVABHAI MODHAVADIYA,M,INC,58.91
2002,107,PRANTIJ,GEN,RATHOD DEEPSINH SHANKARSINH,M,BJP,66.82
2002,94,RADHANPUR,GEN,CHAUDHARY SHANKARBHAI LAGDHIRBHAI,M,BJP,68.22
2002,117,RAJGADH,GEN,CHAUHAN FATESINH VAKHATSINH,M,BJP,61.22
2002,19,RAJKOT RURAL,SC,PARMAR SIDDHARTH MAYARAM,M,BJP,50.6
2002,17,RAJKOT-I,GEN,TAPUBHAI LIMBASIYA,M,BJP,50.23
2002,18,RAJKOT-II,GEN,VAJUBHAI VALA,M,BJP,49.46
2002,160,RAJPIPLA,ST,VASAVA HARSHADBHAI CHUNILAL,M,BJP,68.54
2002,48,RAJULA,GEN,SOLANKI HIRABHAI ODHAVJIBHAI,M,BJP,59.3
2002,73,RAKHIAL,GEN,ZADAFIA GORDHANBHAI PRAGJIBHAI,M,BJP,63.74
2002,123,RANDHIKPUR,ST,JASVANTSINH SUMANBHAI BHABHOR,M,BJP,67.53
2002,149,RAOPURA,GEN,YOGESH PATEL,M,BJP,57.58
2002,6,RAPAR,GEN,BABUBHAI MEGHJI SHAH,M,INC,62.07
2002,67,SABARMATI,GEN,PATEL JITENDRABHAI BABUBHAI (DR. JITUBHAI PATEL),M,BJP,55.45
2002,93,SAMI,GEN,THAKOR DILIPKUMAR VIRAJIBHAI,M,BJP,69.05
2002,144,SANKHEDA,ST,TADVI KANTIBHAI BHAIJIBHAI,M,BJP,64.93
2002,111,SANTRAMPUR,GEN,PANDYA PRABODHKANT DAMODAR,M,BJP,66.48
2002,64,SARKHEJ,GEN,AMITBHAI ANILCHANDRA SHAH (AMIT SHAH),M,BJP,51.31
2002,134,SARSA,GEN,SOLANKI JASVANTSINHJI AMARSINHJI (JASUBHA),M,BJP,69.55
2002,146,SAVLI,GEN,UPENDRASINHJI PRATAPSINHJI GOHIL (BAPU),M,BJP,69.19
2002,148,SAYAJIGANJ,GEN,JITENDRA SUKHADIA,M,BJP,58.01
2002,74,SHAHER KOTDA,SC,VAGHELA JITENDRAKUMAR UMAKANT,M,BJP,60.43
2002,70,SHAHPUR,GEN,PATEL KAUSHIKKUMAR JAMNADAS (KAUSHIK PATEL),M,BJP,66.73
2002,121,SHEHRA,GEN,AHIR (BHARWAD) JETHABHAI GHELABHAI,M,BJP,67.4
2002,89,SIDHPUR,GEN,BALVANTSINH CHANDANSINH RAJPUT,M,INC,75.03
2002,52,SIHOR,GEN,NAKARANI KESHUBHAI HIRAJIBHAI,M,BJP,59.98
2002,136,SOJITRA,SC,AMBALAL ASHABHAI ROHIT,M,BJP,67.82
2002,38,SOMNATH,GEN,BARAD JESABHAI BHANABHAI,M,INC,65.81
2002,163,SONGADH,ST,VASAVA NAGARBHAI DIVELIYABHAI,M,INC,64.63
2002,170,SURAT CITY EAST,GEN,GILITWALA MANISH NATVARLAL,M,INC,48.68
2002,169,SURAT CITY NORTH,GEN,GEJERA DHIRUBHAI HARIBHAI,M,BJP,52.2
2002,171,SURAT CITY WEST,GEN,CHAPATWALA BHAVNABEN HEMANTBHAI,F,BJP,38.65
2002,55,TALAJA,GEN,GOHIL SHIVABHAI JERAMBHAI,M,BJP,46.04
2002,37,TALALA,GEN,PARAMAR GOVINDBHAI VARJANGBHAI,M,BJP,74.62
2002,14,TANKARA,GEN,KUNDARIYA MOHANBHAI KALYANJI,M,BJP,67.91
2002,126,THASRA,GEN,CHAUHAN BHAGVANSINH RAYSINH,M,BJP,65.63
2002,182,UMBERGAON,ST,SHANKARBHAI MANGLABHAI VARLI,M,INC,55.81
2002,127,UMRETH,GEN,PATEL VISHNUBHAI CHHOTABHAI,M,BJP,71.68
2002,39,UNA,GEN,VANSH PUNJABHAI BHIMABHAI,M,INC,64.94
2002,88,UNJHA,GEN,PATEL NARAYANBHAI LALLUBHAI,M,BJP,64.67
2002,23,UPLETA,GEN,PRAVINBHAI MOHANBHAI MAKADIA,M,BJP,60.82
2002,101,VADGAM,SC,DOLAT BHAI PARMAR,M,INC,68.29
2002,90,VAGDOD,GEN,THAKOR JODHAJI GALABJI,M,INC,61.94
2002,150,VAGHODIA,GEN,MADHUBHAI SHRIVASTAV,M,BJP,64.29
2002,155,VAGRA,GEN,RASHIDA IQBAL PATEL,F,INC,74.92
2002,95,VAV,GEN,RAJPUT HEMAJI DARGHAJI,M,INC,69.6
2002,85,VIJAPUR,GEN,PATEL KANTIBHAI RAMABHAI,M,BJP,70.81
2002,63,VIRAMGAM,GEN,DODIYA VAJUBHAI PARMABHAI,M,BJP,67.11
2002,40,VISAVADAR,GEN,BHALALA KANUBHAI MEPABHAI,M,BJP,61.58
2002,86,VISNAGAR,GEN,PATEL PRAHLADBHAI MOHANLAL,M,BJP,70.51
2002,164,VYARA,ST,CHAUDHARY TUSHARBHAI AMARSINHBHAI,M,INC,65.79
2002,8,WADHWAN,GEN,KELA DHANRAJBHAI GOVINDBHAI,M,BJP,60.92
2002,15,WANKANER,GEN,SOMANI JYOTSANABEN JITENDRABHAI,F,BJP,73.16
2007,1,ABDASA,GEN,JAYANTILAL PARSOTTAM BHANUSHALI,M,BJP,64.12
2007,45,AMRELI,GEN,DILEEP SANGHANI,M,BJP,61.75
2007,133,ANAND,GEN,PATEL JYOTSNABEN RAJUBHAI,F,BJP,63.25
2007,5,ANJAR,GEN,AACHARYA NIMABEN BHAVESH,F,BJP,54.71
2007,157,ANKLESHWAR,GEN,PATEL ISHWARSINH THAKORBHAI,M,BJP,67.08
2007,72,ASARWA,GEN,PRADIPSINH BHAGVATSINH JADEJA,M,BJP,56.84
2007,43,BABRA,GEN,UNDHAD BAVAKUBHAI NATHABHAI,M,INC,64.65
2007,124,BALASINOR,GEN,CHAUHAN MANSINH KOHYABHAI,M,INC,65.03
2007,166,BARDOLI,ST,HALPATI KUVARJIBHAI NARSINHBHAI,M,INC,66.35
2007,147,BARODA CITY,GEN,LAKHAWALA BHUPENDRABHAI GATULAL,M,BJP,54.53
2007,151,BARODA RURAL,GEN,GOHIL UPENDRASINH PRATAPSINH,M,BJP,59.61
2007,61,BAVLA,SC,LAKUM KANTILAL RAMABHAI,M,BJP,56.71
2007,109,BAYAD,GEN,ZALA UDESINH PUNJAJI,M,BJP,54.73
2007,139,BHADRAN,GEN,PARMAR RAJENDRASINH DHIRSINH,M,INC,61.83
2007,29,BHANVAD,GEN,AYAR BERA MULUBHAI HARDASBHAI,M,BJP,58.56
2007,57,BHAVNAGAR NORTH,GEN,DAVE VIBHAVARIBEN VIJAYBHAI (VIBHABEN DAVE),F,BJP,50.96
2007,58,BHAVNAGAR SOUTH,GEN,GOHIL SHAKTISINH HARICHANDRASINH,M,INC,62.82
2007,105,BHILODA,ST,ANIL JOSHIYARA,M,INC,62.01
2007,3,BHUJ,GEN,AHIR VASANBHAI GOPALBHAI,M,BJP,62
2007,138,BORSAD,GEN,AMITKUMAR AJITKUMAR CHAVDA,M,INC,64.41
2007,49,BOTAD,GEN,SAURABH PATEL,M,BJP,69
2007,156,BROACH,GEN,DUSHYANTBHAI RAJNIKANT PATEL,M,BJP,62.97
2007,178,BULSAR,GEN,DESAI DOLATRAI NATHUBHAI,M,BJP,59.64
2007,140,CAMBAY,GEN,SHUKAL SHIRISHKUMAR MADHUSUDAN,M,BJP,60.62
2007,132,CHAKALASI,GEN,VAGHELA SHANKARBHAI DESAIBHAI,M,INC,60.06
2007,92,CHANASMA,GEN,PATEL RAJNIKANT SOMABHAI,M,BJP,67.07
2007,141,CHHOTA UDAIPUR,ST,GULSINGHBHAI RANGALABHAI RATHVA,M,BJP,51.1
2007,176,CHIKHLI,ST,PATEL NARESHBHAI MAGANBHAI,M,BJP,68.95
2007,172,CHORASI,GEN,NAROTTAMBHAI PATEL,M,BJP,53.42
2007,10,CHOTILA,GEN,JINJARIYA POPATBHAI SAVSIBHAI,M,INC,51.18
2007,145,DABHOI,GEN,SIDDHARTH CHIMANBHAI PATEL,M,INC,70.45
2007,177,DANGS-BANSDA,ST,PATEL VIJAYBHAI RAMESHBHAI,M,BJP,58.87
2007,102,DANTA,GEN,GADHAVI MUKESHKUMAR BHERAVDANJI,M,INC,60.46
2007,69,DARIAPUR-KAZIPUR,GEN,BAROT BHARATKUMAR CHIMANLAL (BHARAT BAROT),M,BJP,57.78
2007,7,DASADA,SC,TUNDIYA SHAMBHUPRASAD BALDEVDASJI,M,BJP,52.31
2007,65,DASKROI,GEN,PATEL BABUBHAI JAMNADAS (BJP),M,BJP,56.87
2007,159,DEDIAPADA,ST,VASAVA AMARSINH RAMSINH,M,INC,70.81
2007,98,DEESA,GEN,VAGHELA LILADHARBHAI KHODAJI,M,BJP,63.28
2007,66,DEHGAM,GEN,THAKOR JAGDISHBHAI MOTIJI,M,INC,64.57
2007,96,DEODAR,GEN,MALI ANILKUMAR AMRUTLAL,M,BJP,65.57
2007,116,DEVGADH BARIA,GEN,MAHARAUL TUSHARSINH KANAKSINH,M,NCP,60.85
2007,59,DHANDHUKA,GEN,MER RANCHHODBHAI KARSHANBHAI,M,IND,57.54
2007,99,DHANERA,GEN,PUROHIT MAFATLAL MOTIRAM,M,BJP,62.78
2007,179,DHARAMPUR,ST,CHAUDHARI CHHANABHAI KOLUBHAI,M,INC,66.99
2007,46,DHARI,GEN,BHUVA MANSUKHBHAI PANCHABHAI,M,BJP,56.41
2007,60,DHOLKA,GEN,TALPADA KANJIBHAI RAYABHAI,M,INC,34.76
2007,22,DHORAJI,GEN,RADADIYA VITTHALBHAI HANSRAJBHAI,M,INC,61.67
2007,12,DHRANGADHRA,GEN,PATEL HARILAL MOHANLAL,M,INC,73.89
2007,114,DOHAD,ST,PANADA VAJESINGBHAI PARSINGBHAI,M,INC,48.19
2007,31,DWARKA,GEN,MANEK PABUBHA VIRAMBHA,M,BJP,46.26
2007,68,ELLIS BRIDGE,GEN,RAKESH SHAH,M,BJP,58.25
2007,50,GADHADA,SC,PARMAR ATMARAM MAKANBHAI,M,BJP,59.2
2007,175,GANDEVI,GEN,PATEL LAXMANBHAI PARSOTTAMBHAI,M,BJP,63.1
2007,79,GANDHINAGAR,GEN,THAKOR SHAMBHUJI CHELAJI,M,BJP,9.92
2007,56,GHOGHO,GEN,PARSHOTTAMBHAI ODHAVJIBHAI SOLANKI,M,BJP,58.84
2007,120,GODHRA,GEN,C.K. RAULJI,M,INC,57.68
2007,20,GONDAL,GEN,VAGHASIYA CHANDUBHAI BACHUBHAI,M,NCP,61.29
2007,118,HALOL,GEN,PARMAR JAYDRATHSINHJI CHANDRASINHJI,M,BJP,63.59
2007,11,HALVAD,GEN,DEVJIBHAI GOVINDBHAI FATEPARA,M,INC,68.38
2007,106,HIMATNAGAR,GEN,PATEL PRAFULLBHAI KHODABHAI,M,BJP,67.37
2007,104,IDAR,SC,VORA RAMANLAL ISHVARLAL,M,BJP,66.94
2007,173,JALALPORE,GEN,R.C. PATEL,M,BJP,62.23
2007,76,JAMALPUR,GEN,KHEDAWALA SABIRBHAI ABDULKARIM (SABIRBHAI KABLIWALA),M,INC,58.98
2007,154,JAMBUSAR,GEN,KIRANKUMAR LAKSHMANBHAI MAKWANA,M,INC,57.31
2007,28,JAMJODHPUR,GEN,JADEJA BRIJRAJSINH HEMATSINH,M,INC,69.94
2007,25,JAMNAGAR,GEN,PROF. VASUBEN TRIVEDI,F,BJP,52.18
2007,26,JAMNAGAR RURAL,SC,LALJIBHAI PREMJIBHAI SOLANKI,M,BJP,47.3
2007,16,JASDAN,GEN,BAVALIYA KUNVARJIBHAI MOHANBHAI,M,INC,62.09
2007,21,JETPUR,GEN,KORAT JASHUBEN SAVJIBHAI,F,BJP,59.97
2007,142,JETPUR-I,ST,MOHANSINH CHHOTUBHAI RATHAVA,M,INC,59.15
2007,158,JHAGADIA,ST,VASAVA CHHOTUBHAI AMARASINHBHAI,M,JD(U),66.92
2007,112,JHALOD,ST,MACHHAR DITABHAI BHIMABHAI,M,INC,48.18
2007,24,JODIYA,GEN,PATEL RAGHAVJIBHAI HANSRAJBHAI,M,INC,70.68
2007,82,JOTANA,SC,PARMAR JASHODABEN CHATURBHAI,F,BJP,61.95
2007,42,JUNAGADH,GEN,MASHRU MAHENDRABHAI LILADHARBHAI,M,BJP,51.55
2007,81,KADI,GEN,PATEL NITINKUMAR RATILAL,M,BJP,73.14
2007,27,KALAWAD,GEN,FALDU RANCHHODBHAI CHANABHAI (R.C.FALDU),M,BJP,58
2007,119,KALOL,GEN,RATHOD ARVINDSINH DAMSINH,M,BJP,54.27
2007,80,KALOL-I,GEN,PATEL SURESHKUMAR CHATURDAS,M,INC,65.62
2007,71,KALUPUR,GEN,SHAIKH MOHAMMAD FARUK HUSSAINMIYA (FARUK SHAIKH),M,INC,64.64
2007,167,KAMREJ,ST,RATHOD BHARTIBEN AMRUTBHAI,F,BJP,6.8
2007,97,KANKREJ,GEN,DESAI BABUBHAI JESANGBHAI,M,BJP,58.03
2007,125,KAPADVANJ,GEN,PATEL MANIBHAI DEVJIBHAI,M,INC,66.67
2007,153,KARJAN,SC,DABHI CHANDUBHAI MOTIBHAI,M,INC,65.93
2007,128,KATHLAL,GEN,ZALA GAUTAMBHAI JESANGBHAI,M,INC,58.78
2007,36,KESHOD,SC,MAKWANA VANDNABEN MANSHUKHBHAI,F,BJP,55.23
2007,75,KHADIA,GEN,ASHOK BHATT,M,BJP,58.77
2007,30,KHAMBHALIA,GEN,KANZARIYA MEGHJI DAYA,M,BJP,54.27
2007,103,KHEDBRAHMA,ST,ASHWIN KOTVAL,M,INC,56.25
2007,87,KHERALU,GEN,DABHI BHARATSINHJI SHANKARJI,M,BJP,62.24
2007,47,KODINAR,GEN,SOLANKI DINUBHAI BOGHABHAI,M,BJP,67.53
2007,53,KUNDLA,GEN,KALUBHAI VIRANI,M,BJP,57.18
2007,33,KUTIYANA,GEN,ODEDARA KARSANBHAI DULABHAI,M,BJP,51.73
2007,44,LATHI,GEN,DHORAJIYA HANUBHAI (BHABHA),M,BJP,58.55
2007,9,LIMBDI,GEN,RANA KIRITSINH JEETUBHA,M,BJP,59.9
2007,113,LIMDI,ST,KISHORI BACHUBHAI NATHABHAI,M,INC,48.91
2007,115,LIMKHEDA,ST,SMR. BARIYA CHANDRIKABEN CHHAGANBHAI,F,INC,42.78
2007,122,LUNAVADA,GEN,PATEL HIRABHAI HARIBHAI,M,INC,51.36
2007,130,MAHUDHA,GEN,NATVARSINH FULSINH THAKOR,M,INC,55.89
2007,54,MAHUVA,GEN,BAMBHANIYA JAYANTIBHAI BABUBHAI,M,BJNKP,13.67
2007,165,MAHUVA-I,ST,ISHAWARBHAI NARSINHBHAI VAHIA,M,INC,67.45
2007,41,MALIYA,GEN,RAJANI LAVAJIBHAI THAKARSHIBHAI,M,BJP,58.64
2007,35,MANAVADAR,GEN,CHAVADA JAWAHARBHAI PETHLJIBHAI,M,INC,67.21
2007,62,MANDAL,GEN,PATEL PRAGJIBHAI NARANBHAI,M,BJP,54.71
2007,2,MANDVI,GEN,SENGHANI DHANJIBHAI (ALIAS MANGAL) GOVINDBHAI,M,BJP,61.36
2007,34,MANGROL,GEN,KARGATIYA BHAGVANVANJIBHAI LAKHABHAI,M,BJP,59.78
2007,162,MANGROL-I,ST,VASAVA GANPATSINH VESTABHAI,M,BJP,69.41
2007,77,MANINAGAR,GEN,NARENDRA MODI,M,BJP,60.93
2007,84,MANSA,GEN,PRO.PATEL MAGALDAS MADHAVALAL,M,BJP,64.26
2007,137,MATAR,GEN,CHAUHAN DEVUSINH JESINGBHAI,M,BJP,63.31
2007,110,MEGHRAJ,GEN,VAGHELA MAHENDRASINH SHANKARSINH,M,INC,58.2
2007,129,MEHMEDABAD,GEN,CHAUHAN SUNDARSINH BHALABHAI,M,BJP,59.41
2007,83,MEHSANA,GEN,PATEL ANILKUMAR TRIBHOVANDAS,M,BJP,62.64
2007,108,MODASA,GEN,PARMAR DILIPSIHJI VAKHATSIHJI,M,BJP,60.37
2007,13,MORVI,GEN,AMRUTIYA KANTILAL SHIVLAL,M,BJP,68.61
2007,180,MOTA PONDHA,ST,CHAUDHARY JITUBHAI HIRJIBHAI,M,INC,70.67
2007,4,MUNDRA,SC,MAHESHWARI RAMESH VACHCHHRAJ,M,BJP,60.24
2007,131,NADIAD,GEN,DESAI PANKAJKUMAR VINUBHAI (GOTIYO),M,BJP,65.81
2007,78,NARODA,GEN,DR. KODNANI MAYA SURENDRAKUMAR (DR. MAYA KODNANI),F,BJP,55.79
2007,143,NASVADI,ST,BHIL DHIRUBHAI CHUNILAL,M,INC,57.72
2007,174,NAVSARI,ST,PATEL MANGUBHAI CHHAGANBHAI,M,BJP,64.48
2007,161,NIJHAR,ST,PARESHBHAI GOVINDBHAI VASAVA,M,INC,65.65
2007,168,OLPAD,GEN,PATEL KIRITBHAI GANGARAMBHAI,M,BJP,52.16
2007,152,PADRA,GEN,DINESHBHAI B PATEL (DINU MAMA),M,IND,64.47
2007,100,PALANPUR,GEN,PRAJAPATI GOVINDBHAI MADHAVLAL,M,BJP,59.85
2007,51,PALITANA,GEN,SARVAIYA MAHENDRASINH PARAKRAMSINH,M,BJP,58.37
2007,181,PARDI,ST,PATEL USHABEN GIRISHKUMAR,F,BJP,61.74
2007,91,PATAN,GEN,PATEL ANANDIBEN MAFATBHAI,F,BJP,66.06
2007,135,PETLAD,GEN,NIRANJAN PATEL,M,INC,66.23
2007,32,PORBANDAR,GEN,MODHWADIYA ARJUNBHAI DEVABHAI,M,INC,61.6
2007,107,PRANTIJ,GEN,CHAUHAN JAYSINHJI MANSINHJI,M,BJP,63.41
2007,94,RADHANPUR,GEN,CHAUDHARI SHANKARBHAI LAGDHIRBHAI,M,BJP,66.5
2007,117,RAJGADH,GEN,CHAUHAN FATESINH VAKHATSINH,M,BJP,55.02
2007,19,RAJKOT RURAL,SC,BHANUBEN MANOHARBHAI BABARIYA,F,BJP,48.23
2007,17,RAJKOT-I,GEN,GOVINDBHAI UKABHAI PATEL,M,BJP,52.71
2007,18,RAJKOT-II,GEN,VAJUBHAI VALA,M,BJP,52.56
2007,160,RAJPIPLA,ST,HARSHADBHAI CHUNILAL VASAVA,M,BJP,68.08
2007,48,RAJULA,GEN,SOLANKI HIRABHAI ODHAVJIBHAI,M,BJP,57.94
2007,73,RAKHIAL,GEN,KAKADIYA VALLABHBHAI GOBARBHAI (VALLABHBHAI HIRAWALA),M,BJP,61.75
2007,123,RANDHIKPUR,ST,JASVANTSINH SUMANBHAI BHABHOR,M,BJP,53.54
2007,149,RAOPURA,GEN,YOGESH PATEL,M,BJP,54.6
2007,6,RAPAR,GEN,BABUBHAI MEGHJI SHAH,M,INC,52.06
2007,67,SABARMATI,GEN,PATEL GITABEN YOGESHBHAI,F,BJP,55.91
2007,93,SAMI,GEN,RATHOD BHAVSINHBHAI DAHYABHAI,M,INC,61.47
2007,144,SANKHEDA,ST,TADVI ABHESINH MOTIBHAI,M,BJP,60.28
2007,111,SANTRAMPUR,GEN,PARMAR PARANJAYADITYASINHJI KRISHNAKUMARSINHJI,M,INC,55.5
2007,64,SARKHEJ,GEN,AMIT SHAH,M,BJP,58.45
2007,134,SARSA,GEN,JAYANTBHAI RAMANBHAI PATEL (BOSKEY),M,NCP,66.17
2007,146,SAVLI,GEN,CHAUHAN KHUMANSINH RAYSINH,M,INC,64.3
2007,148,SAYAJIGANJ,GEN,JITENDRA SUKHADIYA,M,BJP,54.25
2007,74,SHAHER KOTDA,SC,PARMAR SHAILESH MANHARBHAI,M,INC,35.54
2007,70,SHAHPUR,GEN,SHAIKH GYASUDDIN HABIBUDDIN,M,INC,65.9
2007,121,SHEHRA,GEN,AHIR (BHARWAD) JETHABHAI GHELABHAI,M,BJP,58.42
2007,89,SIDHPUR,GEN,JAY NARAYAN VYAS,M,BJP,71.57
2007,52,SIHOR,GEN,NAKARANI KESHUBHAI HIRAJIBHAI,M,BJP,57.84
2007,136,SOJITRA,SC,ROHIT AMBALAL ASHABHAI,M,BJP,64.91
2007,38,SOMNATH,GEN,JOTVA RAJSIBHAI VIRABHAI,M,BJP,68.46
2007,163,SONGADH,ST,VASAVA PRABUBHAI NAGARBHAI,M,INC,67.95
2007,170,SURAT CITY EAST,GEN,GILITWALA RANJITBHAI MANGUBHAI,M,BJP,59.45
2007,169,SURAT CITY NORTH,GEN,VANANI NANUBHAI BHAGVANBHAI,M,BJP,60.53
2007,171,SURAT CITY WEST,GEN,KISHOR VANKAWALA,M,BJP,57.43
2007,55,TALAJA,GEN,MAKVANA BHAVNABEN RAGHAVJIBHAI,F,BJP,49
2007,37,TALALA,GEN,BARAD BHAGAVANBHAI DHANABHAI,M,INC,72.97
2007,14,TANKARA,GEN,KUNDARIYA MOHANBHAI KALYANJIBHAI,M,BJP,64.72
2007,126,THASRA,GEN,PARMAR RAMSINH PRABHATSINH,M,INC,61.15
2007,182,UMBERGAON,ST,RAMANLAL NANUBHAI PATKAR,M,BJP,53.66
2007,127,UMRETH,GEN,VADODIA LALSINH UDESHINH,M,INC,63.19
2007,39,UNA,GEN,RATHOD KALUBHAI CHANABHAI,M,BJP,66.54
2007,88,UNJHA,GEN,PATEL NARAYANBHAI LALLUDAS,M,BJP,63.39
2007,23,UPLETA,GEN,MAKADIYA PRAVINBHAI MOHANBHAI,M,BJP,56.66
2007,101,VADGAM,SC,VAGHELA FAKIRBHAI RAGHABHAI,M,BJP,58.77
2007,90,VAGDOD,GEN,THAKOR JODHAJI GALABJI,M,INC,56
2007,150,VAGHODIA,GEN,SHRIVASTAV MADHUBHAI BABUBHAI,M,BJP,63.03
2007,155,VAGRA,GEN,IQBAL PATEL,M,INC,66.71
2007,95,VAV,GEN,PATEL PARBATBHAI SAVABHAI,M,BJP,69.1
2007,85,VIJAPUR,GEN,KANTIBHAI RAMABHAI PATEL,M,BJP,63.22
2007,63,VIRAMGAM,GEN,RATHOD KAMABHAI GAGJIBHAI,M,BJP,61.26
2007,40,VISAVADAR,GEN,BHALALA KANUBHAI MEPABHAI,M,BJP,53.63
2007,86,VISNAGAR,GEN,PATEL RUSHIKESH GANESHBHAI,M,BJP,62.95
2007,164,VYARA,ST,GAMIT PUNABHAI DHEDABHAI,M,INC,68.15
2007,8,WADHWAN,GEN,DOSHI VARSHABEN NARENDRABHAI,F,BJP,58.78
2007,15,WANKANER,GEN,PIRJADA MAHMADJAVID ABDULMUTLIB,M,INC,63.65
2012,1,ABDASA,GEN,CHHABILBHAI NARANBHAI PATEL,M,INC,99.96
2012,143,AKOTA,GEN,SAURABH PATEL,M,BJP,99.9
2012,50,AMRAIWADI,GEN,HASMUKHBHAI SOMABHAI PATEL,M,BJP,99.92
2012,95,AMRELI,GEN,PARESH DHANANI,M,INC,99.92
2012,112,ANAND,GEN,DILIPBHAI MANIBHAI PATEL,M,BJP,99.99
2012,4,ANJAR,GEN,AHIR VASANBHAI GOPALBHAI,M,BJP,99.89
2012,110,ANKLAV,GEN,AMIT CHAVDA,M,INC,100
2012,154,ANKLESHWAR,GEN,ISHWARSINH THAKORBHAI PATEL,M,BJP,99.94
2012,56,ASARWA,SC,RAJANIKANT MOHANLAL PATEL (R.M. PATEL),M,BJP,99.92
2012,121,BALASINOR,GEN,CHAUHAN MANSINH KOHYABHAI,M,INC,99.85
2012,49,BAPUNAGAR,GEN,RAJPUT JAGRUPSINH GIRDANSINH,M,BJP,99.9
2012,169,BARDOLI,SC,PARMAR ISHWARBHAI ALIAS ANILBHAI RAMANBHAI,M,BJP,99.94
2012,32,BAYAD,GEN,VAGHELA MAHENDRASINH SHANKARSINH,M,INC,99.77
2012,23,BECHARAJI,GEN,RAJANIKANT SOMABHAI PATEL,M,BJP,99.84
2012,153,BHARUCH,GEN,DUSHYANTBHAI RAJNIKANT PATEL,M,BJP,99.75
2012,104,BHAVNAGAR EAST,GEN,DAVE VIBHAVARIBEN VIJAYBHAI (VIBHABEN DAVE),F,BJP,99.78
2012,103,BHAVNAGAR RURAL,GEN,PARSHOTTAMBHAI ODHAVJIBHAI SOLANKI,M,BJP,99.96
2012,105,BHAVNAGAR WEST,GEN,JITENDRABHAI SAVJIBHAI VAGHANI (JITU VAGHANI),M,BJP,99.86
2012,30,BHILODA,ST,ANIL JOSHIYARA,M,INC,99.57
2012,3,BHUJ,GEN,DR. NIMABEN AACHARYA,F,BJP,99.96
2012,109,BORSAD,GEN,PARMAR RAJENDRASINH DHIRSINH,M,INC,99.88
2012,107,BOTAD,GEN,MANIYA THAKARSHIBHAI DEVJIBHAI,M,BJP,99.97
2012,17,CHANASMA,GEN,DILIPKUMAR VIRAJIBHAI THAKOR,M,BJP,99.97
2012,137,CHHOTA UDAIPUR,ST,RATHWA MOHANSINH CHHOTUBHAI,M,INC,99.92
2012,168,CHORASI,GEN,RAJENDRABHAI PARABHUBHAI PATEL (RAJABHAI),M,BJP,99.91
2012,63,CHOTILA,GEN,SHAMJIBHAI BHIMJIBHAI CHAUHAN,M,BJP,99.99
2012,140,DABHOI,GEN,BALKRISHNABHAI NARANBHAI PATEL,M,BJP,99.96
2012,132,DAHOD,ST,PANADA VAJESINGBHAI PARSINGBHAI,M,INC,99.98
2012,173,DANGS,ST,GAVIT MANGALBHAI GANGAJIBHAI,M,INC,99.93
2012,54,DANILIMDA,SC,SHAILESH MANUBHAI PARMAR,M,INC,99.94
2012,10,DANTA,ST,KHARADI KANTIBHAI KALABHAI,M,INC,99.93
2012,51,DARIAPUR,GEN,GYASUDDIN HABIBUDDIN SHEKH,M,INC,99.88
2012,60,DASADA,SC,MAKWANA PUNAMBHAI KALABHAI,M,BJP,99.84
2012,57,DASKROI,GEN,BABUBHAI JAMNADAS PATEL,M,BJP,99.93
2012,149,DEDIAPADA,ST,MOTILAL PUNIABHAI VASAVA,M,BJP,99.99
2012,13,DEESA,GEN,VAGHELA LILADHARBHAI KHODAJI,M,BJP,99.98
2012,34,DEHGAM,GEN,RATHOD KAMINIBA BHUPENDRASINH,F,INC,99.88
2012,14,DEODAR,GEN,CHAUHAN KESHAJI SHIVAJI,M,BJP,99.97
2012,134,DEVGADH BARIA,GEN,KHABAD BACHUBHAI MAGANBHAI,M,BJP,99.84
2012,59,DHANDHUKA,GEN,LALJIBHAI CHATURBHAI KOLIPATEL,M,BJP,99.91
2012,9,DHANERA,GEN,JOITABHAI KASNABHAI PATEL,M,INC,99.96
2012,178,DHARAMPUR,ST,ISHWARBHAI DHEDABHAI PATEL,M,INC,99.93
2012,94,DHARI,GEN,KOTADIYA NALINBHAI NANJIBHAI,M,GPP,99.95
2012,58,DHOLKA,GEN,CHUDASAMA BHUPENDRASINH MANUBHA,M,BJP,99.85
2012,75,DHORAJI,GEN,RADADIYA VITHALBHAI HANSRAJBHAI,M,INC,99.96
2012,64,DHRANGADHRA,GEN,KAVADIA JAYANTIBHAI RAMJIBHAI,M,BJP,100
2012,82,DWARKA,GEN,PABUBHA VIRAMBHA MANEK,M,BJP,99.98
2012,44,ELLIS BRIDGE,GEN,SHRI RAKESH SHAH,M,BJP,99.91
2012,129,FATEPURA,ST,KATARA  RAMESHBHAI BHURABHAI,M,BJP,99.98
2012,106,GADHADA,SC,ATMARAM MAKANBHAI PARMAR,M,BJP,99.94
2012,176,GANDEVI,ST,MANGUBHAI CHHAGANBHAI PATEL,M,BJP,99.99
2012,5,GANDHIDHAM,SC,MAHESHWARI RAMESH VACHCHHRAJ,M,BJP,99.98
2012,36,GANDHINAGAR NORTH,GEN,ASHOKKUMAR RANCHHODBHAI PATEL,M,BJP,99.74
2012,35,GANDHINAGAR SOUTH,GEN,THAKOR SHAMBHUJI CHELAJI,M,BJP,99.97
2012,133,GARBADA,ST,BARIYA CHANDRIKABEN CHHAGANBHAI,F,INC,99.99
2012,101,GARIADHAR,GEN,KESHUBHAI HIRJIBHAI NAKARANI,M,BJP,99.99
2012,41,GHATLODIA,GEN,ANANDIBEN MAFATBHAI PATEL,F,BJP,99.86
2012,126,GODHRA,GEN,C.K. RAULJI,M,INC,99.86
2012,73,GONDAL,GEN,JADEJA JAYRAJSINH TEMUBHA,M,BJP,99.96
2012,128,HALOL,GEN,PARMAR JAYDRATHSINHJI CHANDRASINHJI,M,BJP,99.96
2012,27,HIMATNAGAR,GEN,CHAVDA RAJENDRASINH RANJITSINH (RAJUBHAI CHAVDA),M,INC,99.85
2012,28,IDAR,SC,RAMANLAL ISHVARLAL VORA,M,BJP,99.8
2012,174,JALALPORE,GEN,R.C. PATEL,M,BJP,99.93
2012,52,JAMALPUR,GEN,BHATT BHUSHAN ASHOK,M,BJP,99.98
2012,150,JAMBUSAR,GEN,CHHATRASINHJI PUJABHAI MORI,M,BJP,99.77
2012,80,JAMJODHPUR,GEN,SHAPRIYA CHIMANBHAI DHARAMSHIBHAI,M,BJP,99.95
2012,78,JAMNAGAR NORTH,GEN,JADEJA DHARMENDRASINH MERUBHA (HAKUBHA JADEJA),M,INC,99.98
2012,77,JAMNAGAR RURAL,GEN,RAGHAVJIBHAI HANSRAJBHAI PATEL,M,INC,99.96
2012,79,JAMNAGAR SOUTH,GEN,TRIVEDI VASUBEN NARENDRABHAI,F,BJP,99.96
2012,72,JASDAN,GEN,GOHEL BHOLABHAI BHIKHABHAI,M,INC,99.97
2012,74,JETPUR,GEN,RADADIYA JAYESHBHAI VITTHALBHAI,M,INC,99.97
2012,138,JETPUR-I,ST,RATHAVA JAYANTIBHAI SAVAJIBHAI,M,BJP,99.98
2012,152,JHAGADIA,ST,VASAVA CHHOTUBHAI AMARASINHBHAI,M,JD(U),99.98
2012,130,JHALOD,ST,GARASIYA MITESHBHAI KALABHAI,M,INC,99.88
2012,86,JUNAGADH,GEN,MASHRU MAHENDRABHAI LILADHARBHAI,M,BJP,99.83
2012,24,KADI,SC,CHAVADA RAMESHBHAI MAGANBHAI,M,INC,99.94
2012,76,KALAWAD,SC,CHAVDA MEGHJIBHAI AMARABHAI,M,BJP,99.98
2012,127,KALOL,GEN,RATHOD ARVINDSINH DAMSINH,M,BJP,99.96
2012,38,KALOL-I,GEN,THAKOR BALDEVJI CHANDUJI,M,INC,99.96
2012,158,KAMREJ,GEN,PANSHERIYA PRAFULBHAI CHHAGANBHAI,M,BJP,99.96
2012,15,KANKREJ,GEN,KHANPURA DHARSHIBHAI LAKHABHAI,M,INC,99.89
2012,120,KAPADVANJ,GEN,SHANKERSINH VAGHELA (BAPU),M,INC,99.86
2012,181,KAPRADA,ST,CHAUDHARI JITUBHAI HARJIBHAI,M,INC,99.99
2012,147,KARANJ,GEN,SATISHBHAI MOTIBHAI PATEL,M,BJP,100
2012,162,KARANJ-I,GEN,KACHHADIYA JANAKBHAI MANJIBHAI,M,BJP,99.98
2012,166,KATARGAM,GEN,VANANI NANUBHAI BHAGWANBHAI (NANUBHAI PATEL),M,BJP,99.98
2012,88,KESHOD,GEN,ARVINDBHAI KESHAVBHAI LADANI,M,BJP,99.84
2012,81,KHAMBHALIA,GEN,POONAMBEN HEMATBHAI MADAM,F,BJP,99.95
2012,108,KHAMBHAT,GEN,SANJAYKUMAR RAMANBHAI PATEL,M,BJP,99.88
2012,29,KHEDBRAHMA,ST,ASHWIN KOTVAL,M,INC,99.88
2012,20,KHERALU,GEN,DHABHI BHARATSIGHJI SANKARJI,M,BJP,99.88
2012,92,KODINAR,SC,SOLANKI JETHABHAI DANABHAI,M,BJP,99.97
2012,84,KUTIYANA,GEN,KANDHAL SARMANBHAI JADEJA,M,NCP,99.93
2012,96,LATHI,GEN,BAVKUBHAI NATHABHAI UNDHAD,M,INC,99.96
2012,163,LIMBAYAT,GEN,PATIL SANGITABEN RAJENDRABHAI,F,BJP,99.98
2012,61,LIMBDI,GEN,SOMABHAI GANDALAL KOLIPATEL,M,INC,99.99
2012,131,LIMKHEDA,ST,BHABHOR JASWANTSINH SUMANBHAI,M,BJP,99.99
2012,122,LUNAVADA,GEN,HIRABHAI HARIBHAI PATEL,M,INC,99.97
2012,118,MAHUDHA,GEN,THAKOR NATVARSINH FULSINH,M,INC,99.43
2012,99,MAHUVA,GEN,MAKWANA BHAVANABEN RAGHAVBHAI,F,BJP,99.89
2012,170,MAHUVA-I,ST,DHODIYA MOHANBHAI DHANJIBHAI,M,BJP,99.94
2012,165,MAJURA,GEN,SANGHVI HARSH RAMESHKUMAR,M,BJP,99.9
2012,85,MANAVADAR,GEN,CHAVDA JAWAHARBHAI PETHALAJIBHAI,M,INC,99.98
2012,2,MANDVI,GEN,CHHEDA TARACHAND JAGSHIBHAI,M,BJP,99.88
2012,157,MANDVI-I,ST,VASAVA PRABUBHAI NAGARBHAI,M,INC,99.83
2012,89,MANGROL,GEN,CHUDASAMA RAJESHBHAI NARANBHAI,M,BJP,99.95
2012,156,MANGROL-I,ST,VASAVA GANPATSINH VESTABHAI,M,BJP,99.91
2012,53,MANINAGAR,GEN,NARENDRA MODI,M,BJP,99.93
2012,145,MANJALPUR,GEN,YOGESH PATEL,M,BJP,99.91
2012,37,MANSA,GEN,CHAUDHARI AMITBHAI HARISINGBHAI,M,INC,99.93
2012,115,MATAR,GEN,CHAUHAN DEVUSINH JESINGBHAI,M,BJP,99.9
2012,117,MEHMEDABAD,GEN,GAUTAMBHAI RAVJIBHAI CHAUHAN,M,INC,99.99
2012,25,MEHSANA,GEN,NITINKUMAR RATILAL PATEL,M,BJP,99.97
2012,31,MODASA,GEN,THAKOR RAJENDRASINH SHIVSINH,M,INC,99.53
2012,125,MORVA HADAF,ST,KHANT SAVITABEN VECHATBHAI,F,INC,99.85
2012,65,MORVI,GEN,AMRUTIYA KANTILAL SHIVABHAI,M,BJP,99.99
2012,116,NADIAD,GEN,DESAI PANKAJKUMAR VINUBHAI (GOTIYO),M,BJP,99.69
2012,148,NANDOD,ST,TADVI SHABDASHARAN BHAILALBHAI,M,BJP,99.92
2012,45,NARANPURA,GEN,AMITBHAI ANILCHANDRA SHAH (AMIT SHAH),M,BJP,99.91
2012,47,NARODA,GEN,WADHWANI NIRMALABEN SUNILBHAI,F,BJP,99.98
2012,175,NAVSARI,GEN,DESAI PIYUSHBHAI DINKARBHAI,M,BJP,99.91
2012,172,NIJHAR,ST,GAMIT KANTILALBHAI RESHMABHAI,M,BJP,99.9
2012,46,NIKOL,GEN,PANCHAL JAGDISH ISHWARBHAI,M,BJP,100
2012,155,OLPAD,GEN,MUKESHBHAI ZINABHAI PATEL,M,BJP,99.86
2012,146,PADRA,GEN,DINESHBHAI BALUBHAI PATEL (DINUMAMA),M,BJP,99.97
2012,12,PALANPUR,GEN,MAHESHKUMAR AMRUTLAL PATEL,M,INC,99.93
2012,102,PALITANA,GEN,RATHOD PRAVINBHAI JINABHAI,M,INC,99.94
2012,180,PARDI,GEN,KANUBHAI MOHANLAL DESAI,M,BJP,99.98
2012,18,PATAN,GEN,DESAI RANCHHOD MAHIJIBHAI (RANCHHOD RABARI VAKIL),M,BJP,99.81
2012,113,PETLAD,GEN,NIRANJAN PURSOTTAMDAS PATEL,M,INC,99.96
2012,83,PORBANDAR,GEN,BABUBHAI BHIMABHAI BOKHIRIA,M,BJP,99.96
2012,33,PRANTIJ,GEN,BARAIYA MAHENDRASINH KACHARSINH ( ADVOCATE ),M,INC,99.9
2012,16,RADHANPUR,GEN,THAKOR NAGARJI HARCHANDJI,M,BJP,99.98
2012,68,RAJKOT EAST,GEN,RAJGURU INDRANIL SANJAYBHAI,M,INC,99.98
2012,71,RAJKOT RURAL,SC,BHANUBEN MANOHARBHAI BABARIYA,F,BJP,100
2012,70,RAJKOT SOUTH,GEN,GOVIND PATEL,M,BJP,99.94
2012,69,RAJKOT WEST,GEN,VAJUBHAI RUDABHAI VALA,M,BJP,99.95
2012,98,RAJULA,GEN,SOLANKI HIRABHAI ODHAVJIBHAI,M,BJP,99.93
2012,144,RAOPURA,GEN,RAJENDRA TRIVEDI (RAJUBHAI VAKIL),M,BJP,99.92
2012,6,RAPAR,GEN,VAGHAJIBHAI DHARAMSHIBHAI PATEL,M,BJP,99.98
2012,55,SABARMATI,GEN,ARVINDKUMAR GANDALAL PATEL (ARVIND DALAL),M,BJP,99.88
2012,40,SANAND,GEN,KARAMSIBHAI VIRJIBHAI PATEL,M,INC,99.92
2012,139,SANKHEDA,ST,BHIL DHIRUBHAI CHUNILAL,M,INC,99.98
2012,123,SANTRAMPUR,ST,DAMOR GENDALBHAI MOTIBHAI,M,INC,99.92
2012,97,SAVARKUNDLA,GEN,VAGHASIYA VALLABHBHAI VASHARAMBHAI (V.V.VAGHASIYA),M,BJP,99.99
2012,135,SAVLI,GEN,INAMDAR KETANBHAI MAHENDRABHAI,M,IND,99.96
2012,142,SAYAJIGANJ,GEN,SUKHADIYA JITENDRA RATILAL SUKHADIYA,M,BJP,99.75
2012,124,SHEHRA,GEN,AHIR (BHARWAD) JETHABHAI GHELABHAI,M,BJP,99.92
2012,19,SIDHPUR,GEN,BALVANTSINH CHANDANSINH RAJPUT,M,INC,99.96
2012,114,SOJITRA,GEN,PARMAR PUNAMBHAI MADHABHAI,M,INC,99.96
2012,90,SOMNATH,GEN,BARAD JASHUBHAI DHANABHAI,M,INC,99.9
2012,159,SURAT CITY EAST,GEN,GILITWALA RANJITBHAI MANGUBHAI,M,BJP,100
2012,160,SURAT CITY NORTH,GEN,CHOKSI AJAYKUMAR  JASHVANTLAL,M,BJP,100
2012,167,SURAT CITY WEST,GEN,KISHORBHAI RATILAL VANKAWALA,M,BJP,99.92
2012,100,TALAJA,GEN,SHYAL BHARTIBEN DHIRUBHAI,F,BJP,99.9
2012,91,TALALA,GEN,JASHUBHAI DHANABHAI BARAD,M,INC,99.94
2012,66,TANKARA,GEN,KUNDARIYA MOHANBHAI KALYANJIBHAI,M,BJP,99.87
2012,48,THAKKARBAPA NAGAR,GEN,KAKADIYA VALLABHBHAI GOBARBHAI (VALLABHBHAI HIRAWALA),M,BJP,99.89
2012,8,THARAD,GEN,PARABATBHAI SAVABHAI PATEL,M,BJP,100
2012,119,THASRA,GEN,PARMAR RAMSINH PRABHATBHAI,M,INC,99.65
2012,164,UDHNA,GEN,NAROTTAMBHAI PATEL,M,BJP,99.94
2012,182,UMBERGAON,ST,PATKAR RAMANBHAI NANUBHAI,M,BJP,100
2012,111,UMRETH,GEN,JAYANTBHAI RAMANBHAI PATEL (BOSKEY),M,NCP,99.99
2012,93,UNA,GEN,VANSH PUNJABHAI BHIMABHAI,M,INC,99.9
2012,21,UNJHA,GEN,NARAYANBHAI LALLUDAS PATEL,M,BJP,99.89
2012,11,VADGAM,SC,MANILAL JETHABHAI VAGHELA,M,INC,100
2012,141,VADODARA CITY,SC,VAKIL MANISHA RAJIVBHAI,F,BJP,99.98
2012,136,VAGHODIA,GEN,SHRIVASTAV MADHUBHAI BABUBHAI,M,BJP,99.99
2012,151,VAGRA,GEN,ARUNSINH AJITSINH RANA,M,BJP,99.94
2012,179,VALSAD,GEN,BHARATBHAI KIKUBHAI PATEL,M,BJP,99.89
2012,177,VANSDA,ST,CHAUDHARI CHHANABHAI KOLUBHAI,M,INC,99.86
2012,161,VARACHHA ROAD,GEN,KANANI KISHORBHAI SHIVABHAI (KUMAR),M,BJP,99.97
2012,43,VATVA,GEN,PRADIPSINH BHAGWATSINH JADEJA,M,BJP,100
2012,7,VAV,GEN,SHANKARBHAI LAGDHIRBHAI PATEL (CHAUDHARY),M,BJP,99.93
2012,42,VEJALPUR,GEN,CHAUHAN KISHORSINH BABULAL (KISHOR CHAUHAN),M,BJP,99.91
2012,26,VIJAPUR,GEN,PRAHLADBHAI ISHWARBHAI PATEL,M,INC,99.9
2012,39,VIRAMGAM,GEN,TEJASHREEBEN DILIPKUMAR PATEL,F,INC,99.93
2012,87,VISAVADAR,GEN,KESHUBHAI SAVDASBHAI PATEL,M,GPP,99.99
2012,22,VISNAGAR,GEN,RUSHIKESH GANESHBHAI PATEL,M,BJP,99.88
2012,171,VYARA,ST,PUNABHAI DHEDABHAI GAMIT,M,INC,99.92
2012,62,WADHWAN,GEN,DOSHI VARSHABEN NARENDRABHAI,F,BJP,99.99
2012,67,WANKANER,GEN,PEERZADA MAHMAD JAVID ABDUL MUTLEEB,M,INC,99.56