,Year,AC_No,AC_Name,AC_Type,Cand1,Sex1,Party1,Turnout
9347,1998,1,ABDASA,GEN,IBRAHIM ISHAQ MANDHRA,M,INC,65.25
9352,1998,2,MANDVI,GEN,MEHTA SURESHCHANDRA RUPSHANKAR,M,BJP,60.42
9356,1998,3,BHUJ,GEN,ZAVERI MUKESH BABULAL,M,BJP,58.04
9362,1998,4,MUNDRA,SC,SODHAM PARBAT MAYABHAI,M,BJP,54.1
9374,1998,5,ANJAR,GEN,AHIR VASANBHAI GOPALBHAI,M,BJP,49.05
9378,1998,6,RAPAR,GEN,DHIRUBHAI SWARUPCHAND SHAH,M,BJP,51.37
9385,1998,7,DASADA,SC,FAKIRBHAI RAGHABHAI VAGHELA,M,BJP,56.85
9391,1998,8,WADHWAN,GEN,DHANRAJBHAI KELA,M,BJP,52.86
9393,1998,9,LIMBDI,GEN,RANA KIRITSINH JITUBHA,M,BJP,60.54
9401,1998,10,CHOTILA,GEN,SAVASHIBHAI KANJIBHAI MAKWANA,M,INC,52.91
9413,1998,11,HALVAD,GEN,KAVADIA JAYANTILAL RAMJIBHAI,M,BJP,64.17
9416,1998,12,DHRANGADHRA,GEN,INDRAVIJAYSINH (I.K.) JADEJA,M,BJP,60.18
9426,1998,13,MORVI,GEN,AMRUTIYA KANTILAL SHIVABHAI,M,BJP,57.07
9432,1998,14,TANKARA,GEN,KUNDARIYA MOHANBHAI KALYANJIBHAI,M,BJP,63.41
9435,1998,15,WANKANER,GEN,KHURSHID HAIDAR ABDUL MUTTLIB PIRZADA (MEER,M,INC,64.82
9446,1998,16,JASDAN,GEN,KUNVARJIBHAI MOHANBHAI BAVALIYA,M,INC,57.67
9454,1998,17,RAJKOT-I,GEN,RAMESH DHANJIBHAI RUPAPARA,M,BJP,46.27
9458,1998,18,RAJKOT-II,GEN,VALA VAJUBHAI ROODABHAI,M,BJP,45.28
9463,1998,19,RAJKOT RURAL,SC,BABARIYA MADHUBHAI HAMIRBHAI,M,BJP,44.32
9467,1998,20,GONDAL,GEN,JADEJA JAYRAJSINH TEMUBHA,M,BJP,55.07
9470,1998,21,JETPUR,GEN,KORAT SAVJIBHAI JIVRAJBHAI,M,BJP,45.52
9476,1998,22,DHORAJI,GEN,RADADIA VITHALBHAI HANSRAJBHAI,M,AIRJP,60.85
9481,1998,23,UPLETA,GEN,MAKADIA PRAVINBHAI MOHAN,M,BJP,53.43
9488,1998,24,JODIYA,GEN,KASUNDRA MAGANBHAI AMBABHAI,M,BJP,61.56
9493,1998,25,JAMNAGAR,GEN,KHATTAR PARMANAND VISHANDAS (PARMAAND,M,BJP,42.87
9503,1998,26,JAMNAGAR RURAL,SC,ZALA MANHARBHAI VALJI,M,BJP,36.81
9510,1998,27,KALAWAD,GEN,FALDU RANCHHOD CHANABHAI (R.C.FALDU),M,BJP,53.15
9515,1998,28,JAMJODHPUR,GEN,SAPARIYA CHIMANLAL DHARAMSHIBHAI,M,BJP,58.62
9520,1998,29,BHANVAD,GEN,BERA MURUBHAI HARADAS,M,BJP,56.75
9530,1998,30,KHAMBHALIA,GEN,CHAVDA KARU NARAN,M,BJP,52.89
9546,1998,31,DWARKA,GEN,MANEK PABUBHA VIRAMBHA,M,IND,58
9554,1998,32,PORBANDAR,GEN,BOKHIRIYA BABUBHAI BHIMABHAI,M,BJP,53.47
9566,1998,33,KUTIYANA,GEN,ODEDARA KARSHAN DULA,M,BJP,42.05
9573,1998,34,MANGROL,GEN,KARGATIA BHAGVANJI LAKHABHAI,M,BJP,52.98
9578,1998,35,MANAVADAR,GEN,SUREJA RATILAL GORDHANBHAI,M,BJP,62.38
9586,1998,36,KESHOD,SC,RATHOD SAMATBHAI AALABHAI,M,BJP,49.03
9592,1998,37,TALALA,GEN,BARAD JASHUBHAI DHANABHAI,M,INC,70.13
9595,1998,38,SOMNATH,GEN,GOHEL CHUNILAL KANJI,M,BJP,61.1
9599,1998,39,UNA,GEN,VANSH PUNJABHAI BHIMABHAI,M,INC,56.52
9605,1998,40,VISAVADAR,GEN,PATEL KESHUBHAI SAVDAS,M,BJP,56.54
9610,1998,41,MALIYA,GEN,SOLANKI DEVANANDBHAI SAMATBHAI,M,BJP,59.27
9615,1998,42,JUNAGADH,GEN,MASHARU MAHENDRABHAI LILADHAR,M,BJP,40.9
9620,1998,43,BABRA,GEN,UNDHAD BAVKUBHAI NATHABHAI,M,BJP,63.47
9625,1998,44,LATHI,GEN,BHADANI BECHARBHAI VIRJIBHAI,M,BJP,62.28
9632,1998,45,AMRELI,GEN,RUPALA PARSHOTAMBHAI KHODABHAI,M,BJP,57.96
9636,1998,46,DHARI,GEN,BALUBHAI TANTI,M,BJP,57.02
9644,1998,47,KODINAR,GEN,SOLANKI DINUBHAI BOGHABHAI,M,BJP,62.77
9651,1998,48,RAJULA,GEN,SOLANKI HIRABHAI ODHAVAJIBHAI,M,BJP,59.3
9657,1998,49,BOTAD,GEN,SAURABH PATEL,M,BJP,63.36
9667,1998,50,GADHADA,SC,ATMARAM MAKANBHAI PARMAR,M,BJP,54.26
9672,1998,51,PALITANA,GEN,GOTI KURJIBHAI RAMJIBHAI,M,BJP,59.21
9681,1998,52,SIHOR,GEN,KESHUBHAI HIRJIBHAI NAKARANI,M,BJP,62.15
9687,1998,53,KUNDLA,GEN,VIRANI KALUBHAI VIRJIBHAI,M,BJP,49.61
9693,1998,54,MAHUVA,GEN,DR.KANUBHAI KALASARIA,M,BJP,52.45
9700,1998,55,TALAJA,GEN,GOHIL SHEEVABHAI JERAMBHAI (SHEEVABHAI GOHIL),M,BJP,48.19
9706,1998,56,GHOGHO,GEN,PARSHOTAMBHAI ODHAVJIBHAI SOLANKI,M,BJP,63.6
9710,1998,57,BHAVNAGAR NORTH,GEN,MAHENDRA TRIVEDI,M,BJP,51.73
9721,1998,58,BHAVNAGAR SOUTH,GEN,OZA SUNIL BALKRISHNABHAI (SUNIL OZA),M,BJP,53.19
9725,1998,59,DHANDHUKA,GEN,BHARAT PANDYA,M,BJP,53.59
9734,1998,60,DHOLKA,GEN,KANJIBHAI RAYABHAI TALPADA,M,INC,59.88
9738,1998,61,BAVLA,SC,MAKWANA GUNVANTBHAI N.,M,INC,56.56
9747,1998,62,MANDAL,GEN,PATEL ANANDIBEN MAFATBHAI,F,BJP,62.79
9751,1998,63,VIRAMGAM,GEN,PREMJIBHAI VADLANI,M,INC,65.61
9754,1998,64,SARKHEJ,GEN,SHAH AMIT ANILCHANDRA (AMIT SHAH),M,BJP,45.46
9763,1998,65,DASKROI,GEN,PATEL VIJAYBHAI HARISHCHANDRA,M,BJP,54.97
9774,1998,66,DEHGAM,GEN,GABHAJI MANGAJI THAKOR,M,BJP,62.53
9779,1998,67,SABARMATI,GEN,OZA YATINBHAI NARENDRAKUMAR,M,BJP,52.94
9787,1998,68,ELLIS BRIDGE,GEN,HAREN PANDYA,M,BJP,47.82
9793,1998,69,DARIAPUR-KAZIPUR,GEN,BAROT BHARATKUMAR CHIMANLAL,M,BJP,49.11
9803,1998,70,SHAHPUR,GEN,KAUSHIKKUMAR JAMNADAS PATEL (KAUSHIK PATEL),M,BJP,55.88
9810,1998,71,KALUPUR,GEN,SHAIKHMOHMMAD FARUK H. (FARUK SHAIKH),M,INC,60.77
9819,1998,72,ASARWA,GEN,PATEL AMRISHKUMAR GOVINDLAL,M,BJP,51.3
9829,1998,73,RAKHIAL,GEN,JHADFIYA GORDHANBHAI P.,M,BJP,52.88
9838,1998,74,SHAHER KOTDA,SC,MANUBHAI PARMAR,M,INC,50.49
9847,1998,75,KHADIA,GEN,ASHOK BHATT,M,BJP,50.52
9854,1998,76,JAMALPUR,GEN,DEVDIWALA USMANGANI I.,M,IND,53.42
9866,1998,77,MANINAGAR,GEN,KAMLESH PATEL,M,BJP,41.57
9876,1998,78,NARODA,GEN,KODNANI MAYABEN SURENDRABHAI,F,BJP,47.15
9881,1998,79,GANDHINAGAR,GEN,PATEL VADIBHAI BHAISCHANDDAS,M,BJP,63.06
9885,1998,80,KALOL-I,GEN,PATEL SURESHKUMAR CHATURDAS,M,INC,63.47
9897,1998,81,KADI,GEN,NITIN RATILAL PATEL,M,BJP,70.96
9910,1998,82,JOTANA,SC,ISHVARBHAI DHANABHAI MAKWANA,M,BJP,63.54
9918,1998,83,MEHSANA,GEN,KHODABHAI N.PATEL,M,BJP,62.83
9924,1998,84,MANSA,GEN,PATEL MANGALDAS MADHAVLAL,M,BJP,74.87
9932,1998,85,VIJAPUR,GEN,RAVAL NARESHKUMAR GANGARAM,M,INC,71.28
9944,1998,86,VISNAGAR,GEN,PATEL PRAHALADBHAI MOHANLAL (GOSA),M,BJP,73.79
9949,1998,87,KHERALU,GEN,THAKOR SHREE SHANKARJI OKHAJI,M,INC,70.82
9953,1998,88,UNJHA,GEN,PATEL NARAYANBHAI LALLUDAS,M,BJP,65.53
9957,1998,89,SIDHPUR,GEN,JAY NARAYAN VYAS,M,BJP,65.94
9962,1998,90,VAGDOD,GEN,DESAI RANCHHOD MAHIJIBHAI,M,BJP,60.74
9965,1998,91,PATAN,GEN,PATEL MOHANBHAI HIRABHAI,M,BJP,55.99
9971,1998,92,CHANASMA,GEN,ARVIND T. PATEL,M,BJP,73.58
9977,1998,93,SAMI,GEN,THAKOR DILIPKUMAR VIRAJIBHAI,M,BJP,64.78
9983,1998,94,RADHANPUR,GEN,PATEL SHANKARBHAI LAGDHIRBHAI (SHANKARBHAI,M,BJP,57.66
9990,1998,95,VAV,GEN,RAJPUT HEMAJI DARAGHAJI,M,INC,75.56
9996,1998,96,DEODAR,GEN,VAGELA LILADHARBHAI KHODAJI,M,BJP,68.29
10001,1998,97,KANKREJ,GEN,VAGHELA MAGANSINH CHIMANSINH,M,BJP,65.9
10005,1998,98,DEESA,GEN,GORDHANJI GIGAJI MALI,M,BJP,69.14
10012,1998,99,DHANERA,GEN,PATEL HARJIVANBHAI HIRABHAI,M,BJP,68.6
10021,1998,100,PALANPUR,GEN,TRIVEDI REKHABEN HITENDRABHAI,F,BJP,60.19
10024,1998,101,VADGAM,SC,DOLATBHAI PARMAR,M,INC,62.68
10031,1998,102,DANTA,GEN,GADHVI MUKESH B.,M,INC,64.42
10039,1998,103,KHEDBRAHMA,ST,AMARSINH BHILABHAI CHAUDHARY,M,INC,62.42
10043,1998,104,IDAR,SC,RAMANLAL VORA,M,BJP,62.53
10048,1998,105,BHILODA,GEN,UPENDRA TRIVEDI,M,IND,62.27
10052,1998,106,HIMATNAGAR,GEN,CHAVDA RANJITSINH NARSINH,M,BJP,60.71
10057,1998,107,PRANTIJ,GEN,RATHOD DIPSINH SHANKARSINH,M,BJP,63.21
10064,1998,108,MODASA,GEN,PARMAR DILIPSINH VAKHATSINH,M,BJP,67.56
10068,1998,109,BAYAD,GEN,DR. PATEL MAHENDRABHAI SOMABHAI,M,BJP,74.08
10072,1998,110,MEGHRAJ,GEN,PATEL SHIVABHAI D.,M,INC,63.76
10076,1998,111,SANTRAMPUR,GEN,DR.BHAMAT MANSINH VALLABHBHAI,M,INC,59.11
10080,1998,112,JHALOD,ST,MACHHAR DITABHAI BHIMABHAI,M,INC,53.25
10085,1998,113,LIMDI,ST,KISHORI BACHUBHAI NATHABHAI,M,INC,41.23
10091,1998,114,DOHAD,ST,PATEL LALITKUMAR BHAGAWANDAS,M,INC,45.79
10097,1998,115,LIMKHEDA,ST,PASAYA NAGARSINH GULABSINH,M,INC,44.36
10103,1998,116,DEVGADH BARIA,GEN,MAHARAUL URVASHIDEVI JAYDIPSINH,F,INC,54.91
10107,1998,117,RAJGADH,GEN,VAKIL PARMAR LAXMANSINH MOTISINH,M,INC,51.24
10114,1998,118,HALOL,GEN,BARIA UDESINH MOHANBHAI,M,INC,52.21
10119,1998,119,KALOL,GEN,CHAUHAN P.P.,M,BJP,55.95
10124,1998,120,GODHRA,GEN,PATEL RAJENDRASINH BALWANTSINH,M,JD,59.8
10130,1998,121,SHEHRA,GEN,BHARWAD JETHABHAI GHELABHAI,M,SP,59.37
10137,1998,122,LUNAVADA,GEN,SOLANKI SURPALSINH HIMATSINH,M,INC,65.17
10141,1998,123,RANDHIKPUR,ST,BHABHOR JASWANTSINH SUMANBHAI,M,BJP,59.53
10145,1998,124,BALASINOR,GEN,CHAUHAN MANSHINH KOHYABHAI,M,AIRJP,60.58
10150,1998,125,KAPADVANJ,GEN,BIMAL SHAH,M,BJP,59.51
10159,1998,126,THASRA,GEN,PARMAR RAMSINH PRABHATBHAI,M,INC,61.78
10163,1998,127,UMRETH,GEN,SUBHASH S. SHELAT,M,INC,62.18
10169,1998,128,KATHLAL,GEN,ZALA GAUTAMBHAI JESANGBHAI,M,AIRJP,60.48
10173,1998,129,MEHMEDABAD,GEN,CHAUHAN SUNDARSINH BHALABHAI,M,BJP,50.81
10179,1998,130,MAHUDHA,GEN,THAKOR NATVARSINH FULSINH,M,INC,55.89
10183,1998,131,NADIAD,GEN,DESAI PANKAJKUMAR VINUBHAI (GOTIYO),M,BJP,53.29
10186,1998,132,CHAKALASI,GEN,SHANKARBHAI DESAIBHAI VAGHELA,M,INC,69
10190,1998,133,ANAND,GEN,PATEL DILIPBHAI MANIBHAI,M,BJP,60.93
10194,1998,134,SARSA,GEN,PARMAR GOVINDBHAI RAIJIBHAI,M,INC,65.79
10202,1998,135,PETLAD,GEN,PATEL NIRANJAN PARSOTTAMDAS,M,INC,63.26
10205,1998,136,SOJITRA,SC,MAKWANA BHARATKUMAR YOGENDRABHAI,M,INC,58.02
10209,1998,137,MATAR,GEN,CHAVDA DHIRUBHAI AMARSING,M,INC,66.09
10217,1998,138,BORSAD,GEN,SOLANKI BHARATBHAI MADHAVSINH,M,INC,61.6
10220,1998,139,BHADRAN,GEN,PARMAR DHIRSINH CHHATRASINH,M,INC,61.96
10223,1998,140,CAMBAY,GEN,SHUKAL SHIRISKUMAR MADHUSUDAN,M,BJP,60
10230,1998,141,CHHOTA UDAIPUR,ST,RATHWA SUKHRAMBHAI HARIYABHAI,M,INC,49.51
10234,1998,142,JETPUR-I,GEN,RATHWA MOHANSINH CHOTUBHAI,M,INC,57.74
10237,1998,143,NASVADI,ST,BHIL DHIRUBHAI CHUNILAL,M,INC,53.57
10243,1998,144,SANKHEDA,ST,BABARBHAI AMBALAL TADVI,M,INC,56.31
10245,1998,145,DABHOI,GEN,SIDDHARTH CHIMANBHAI PATEL,M,INC,64.17
10253,1998,146,SAVLI,GEN,CHAUHAN KHUMANSINH RAYSINH,M,INC,64.65
10258,1998,147,BARODA CITY,GEN,LAKHAWALA BHUPENDRA GATULAL,M,BJP,52.72
10266,1998,148,SAYAJIGANJ,GEN,JASPALSINGH,M,BJP,49.19
10272,1998,149,RAOPURA,GEN,YOGESH PATEL,M,BJP,50.49
10277,1998,150,VAGHODIA,GEN,SHRIVASTAVA MADHUBHAI BABUBHAI,M,BJP,60.5
10281,1998,151,BARODA RURAL,GEN,CHUDASAMA DILUBHA TEMUBHA,M,BJP,55.11
10288,1998,152,PADRA,GEN,JEETSINH SOMSINH PARMAR,M,AIRJP,69.46
10294,1998,153,KARJAN,SC,DABHI CHANDUBHAI MOTIBHAI,M,INC,63.09
10300,1998,154,JAMBUSAR,GEN,MORI CHHATRASINH PUJABHAI,M,BJP,62.11
10307,1998,155,VAGRA,GEN,PATEL IQBAL IBRAHIM,M,INC,67.64
10315,1998,156,BROACH,GEN,BIPINBHAI ISHWARLAL SHAH,M,BJP,57.26
10322,1998,157,ANKLESHWAR,GEN,PATEL JAYANTIBHAI ZINABHAI,M,BJP,59.31
10331,1998,158,JHAGADIA,ST,VASAVA CHHOTUBHAI AMARSANG,M,JD,63.36
10336,1998,159,DEDIAPADA,ST,VASAVA AMARSIH RAMSING,M,JD,61.42
10341,1998,160,RAJPIPLA,ST,VASAVA PREMSINH DEVJIBHAI,M,INC,62.65
10349,1998,161,NIJHAR,ST,VASAVA PARESHBHAI GOVINDBHAI,M,INC,57.31
10356,1998,162,MANGROL-I,ST,CHAUDHARI RAMANBHAI KANSARABHAI,M,JD,55.74
10361,1998,163,SONGADH,ST,VASAVA NAGARBHAI DIVELIYABHAI,M,INC,54.46
10370,1998,164,VYARA,ST,GAMIT PRATAPBHAI BABUBHAI,M,INC,60.32
10377,1998,165,MAHUVA-I,ST,PATEL DEVDATTKUMAR KIKABHAI,M,BJP,64.07
10383,1998,166,BARDOLI,ST,RAJWADI RAJNIKANT PRABHUBHAI,M,BJP,62.09
10388,1998,167,KAMREJ,ST,RATHOD RAMANBHAI CHHANABHAI,M,INC,64.87
10393,1998,168,OLPAD,GEN,PATEL DHANSUKHBHAI NATHUBHAI,M,BJP,49.3
10398,1998,169,SURAT CITY NORTH,GEN,GAJERA DHIRUBHAI HARIBHAI,M,BJP,44.73
10403,1998,170,SURAT CITY EAST,GEN,KHASI GULABDAS NAGINDAS,M,BJP,48.51
10408,1998,171,SURAT CITY WEST,GEN,CHAPATWALA HEMANTBHAI CHAMPAKLAL,M,BJP,42.24
10416,1998,172,CHORASI,GEN,NAROTTAMBHAI PATEL,M,BJP,38.55
10423,1998,173,JALALPORE,GEN,PATEL RAMESHBHAI CHHOTUBHAI (R.C.PATEL),M,BJP,61.05
10427,1998,174,NAVSARI,ST,PATEL MANGUBHAI CHHAGANBHAI,M,BJP,58.15
10431,1998,175,GANDEVI,GEN,PATEL KARSANBHAI BHIKHABHAI,M,BJP,58.91
10435,1998,176,CHIKHLI,ST,KANJIBHAI MAGANBHAI PATEL,M,BJP,60.57
10440,1998,177,DANGS-BANSDA,ST,BHOYE MADHUBHAI JELYABHAI,M,INC,49.34
10446,1998,178,BULSAR,GEN,DESAI DOLATRAI NATHUBHAI,M,BJP,54.13
10450,1998,179,DHARAMPUR,ST,CHAUDHARY HIRABHAI RAMJIBHAI,M,BJP,52.85
10455,1998,180,MOTA PONDHA,ST,PATEL BARAJULBHAI NAVALABHAI,M,INC,54.14
10461,1998,181,PARDI,ST,CHANDRAVADAN MAKANJI PATEL,M,BJP,55.01
10467,1998,182,UMBERGAON,ST,PATKAR RAMANLAL NANUBHAI,M,BJP,54.86
10472,2002,1,ABDASA,GEN,JADEJA NARENDRASINH MADHAVSINHAJ,M,BJP,71.88
10475,2002,2,MANDVI,GEN,PATEL CHHABILBHAI NARANBHAI,M,INC,64.5
10479,2002,3,BHUJ,GEN,AHIR SHIVJIBHAI KARSHANBHAI,M,INC,64.26
10484,2002,4,MUNDRA,SC,DHUA GOPALBHAI GABHABHAI,M,BJP,58.39
10488,2002,5,ANJAR,GEN,DR. AACHARYA NIMABEN BHAVESH,F,INC,52.79
10494,2002,6,RAPAR,GEN,BABUBHAI MEGHJI SHAH,M,INC,62.07
10499,2002,7,DASADA,SC,MAKWANA MANAHARLAL MAGANLAL,M,INC,66.28
10502,2002,8,WADHWAN,GEN,KELA DHANRAJBHAI GOVINDBHAI,M,BJP,60.92
10512,2002,9,LIMBDI,GEN,BHARVAD BHAVANBHAI JIVANBHAI,M,INC,66.74
10520,2002,10,CHOTILA,GEN,JINJARIYA POPATBHAI SAVSHIBHAI,M,IND,55.15
10528,2002,11,HALVAD,GEN,KAVADIYA JAYANTILAL RAMJIBHAI,M,BJP,72.52
10536,2002,12,DHRANGADHRA,GEN,INDRAVIJAYSINH (I.K.) JADEJA,M,BJP,71.16
10542,2002,13,MORVI,GEN,AMRUTIYA KANTILAL SHIVABHAI,M,BJP,62.44
10552,2002,14,TANKARA,GEN,KUNDARIYA MOHANBHAI KALYANJI,M,BJP,67.91
10559,2002,15,WANKANER,GEN,SOMANI JYOTSANABEN JITENDRABHAI,F,BJP,73.16
10564,2002,16,JASDAN,GEN,KUNVARJIBHAI MOHANBHAI BAVALIYA,M,INC,77.56
10569,2002,17,RAJKOT-I,GEN,TAPUBHAI LIMBASIYA,M,BJP,50.23
10578,2002,18,RAJKOT-II,GEN,VAJUBHAI VALA,M,BJP,49.46
10588,2002,19,RAJKOT RURAL,SC,PARMAR SIDDHARTH MAYARAM,M,BJP,50.6
10593,2002,20,GONDAL,GEN,JAYRAJSINH TEMUBHA JADEJA,M,BJP,60.79
10600,2002,21,JETPUR,GEN,KORAT JASHUBEN SAVAJIBHAI,F,BJP,60.44
10603,2002,22,DHORAJI,GEN,RADADIYA VITHALBHAI HANSRAJBHAI,M,INC,66.59
10610,2002,23,UPLETA,GEN,PRAVINBHAI MOHANBHAI MAKADIA,M,BJP,60.82
10618,2002,24,JODIYA,GEN,BHOJANI PARSOTAMBHAI NANJIBHAI,M,BJP,69.4
10627,2002,25,JAMNAGAR,GEN,TRIVEDI VASUBEN NARENDRA,F,BJP,49.85
10638,2002,26,JAMNAGAR RURAL,SC,DR. DINESH PARMAR,M,INC,44.45
10645,2002,27,KALAWAD,GEN,FALDU RANCHHODBHAI CHANABHAI (R.C. FALDU),M,BJP,64.69
10649,2002,28,JAMJODHPUR,GEN,CHIMANLAL DHARAMSINHBHAI SAPARIA,M,BJP,70.78
10652,2002,29,BHANVAD,GEN,MADAM VIKRAMBHAI ARJANBHAI,M,INC,69.72
10659,2002,30,KHAMBHALIA,GEN,CHAVADA KARUBHAI NARAN,M,BJP,56.31
10666,2002,31,DWARKA,GEN,MANEK PABUBHA VIRAMBHA,M,INC,61.39
10678,2002,32,PORBANDAR,GEN,ARJUNBHAI DEVABHAI MODHAVADIYA,M,INC,58.91
10692,2002,33,KUTIYANA,GEN,ODEDARA KARSHANBHAI DULABHAI,M,BJP,56.89
10704,2002,34,MANGROL,GEN,DR. CHUDASAMA CHANDRIKABEN KANJIBHAI,F,INC,67.84
10711,2002,35,MANAVADAR,GEN,SUREJA RATEEBHAI GORDHANBHAI,M,BJP,66.42
10719,2002,36,KESHOD,SC,BORICHA MADHABHAI LAKHABHAI,M,BJP,61.93
10727,2002,37,TALALA,GEN,PARAMAR GOVINDBHAI VARJANGBHAI,M,BJP,74.62
10734,2002,38,SOMNATH,GEN,BARAD JESABHAI BHANABHAI,M,INC,65.81
10742,2002,39,UNA,GEN,VANSH PUNJABHAI BHIMABHAI,M,INC,64.94
10747,2002,40,VISAVADAR,GEN,BHALALA KANUBHAI MEPABHAI,M,BJP,61.58
10753,2002,41,MALIYA,GEN,JOSHI BHIKHABHAI GALABHAI,M,INC,64.21
10760,2002,42,JUNAGADH,GEN,MASHROO MAHENDRA LILADHAR,M,BJP,49.39
10768,2002,43,BABRA,GEN,UNDHAD BAVKUBHAI NATHABHAI,M,BJP,68.6
10771,2002,44,LATHI,GEN,BHECHARBHAI BHADANI,M,BJP,61.15
10776,2002,45,AMRELI,GEN,DHANANI PARESHBHAI DHIRAJLAL,M,INC,61.02
10783,2002,46,DHARI,GEN,BALUBHAI JIVRAJBHAI TANTI,M,BJP,58.2
10792,2002,47,KODINAR,GEN,SOLANKI DINUBHAI BOGHABHAI,M,BJP,66.91
10797,2002,48,RAJULA,GEN,SOLANKI HIRABHAI ODHAVJIBHAI,M,BJP,59.3
10801,2002,49,BOTAD,GEN,SAURABH PATEL,M,BJP,66.89
10807,2002,50,GADHADA,SC,MARU PRAVINBHAI TIDABHAI,M,INC,58.42
10810,2002,51,PALITANA,GEN,MANDAVIYA MANSUKHBHAI LAXMANBHAI,M,BJP,57.62
10818,2002,52,SIHOR,GEN,NAKARANI KESHUBHAI HIRAJIBHAI,M,BJP,59.98
10821,2002,53,KUNDLA,GEN,KALUBHAI VIRANI,M,BJP,55.96
10827,2002,54,MAHUVA,GEN,DR. KANUBHAI VALABHAI KALSARIYA,M,BJP,47.52
10831,2002,55,TALAJA,GEN,GOHIL SHIVABHAI JERAMBHAI,M,BJP,46.04
10842,2002,56,GHOGHO,GEN,SOLANKI PARSOTTAM O.,M,BJP,56.57
10848,2002,57,BHAVNAGAR NORTH,GEN,TRIVEDI MAHENDRABHAI SHANTIBHAI (MAHENDRA,M,BJP,50.34
10854,2002,58,BHAVNAGAR SOUTH,GEN,OZA SUNIL BALKRISHNABHAI,M,BJP,54.65
10860,2002,59,DHANDHUKA,GEN,BHARATBHAI BALDEVBHAI PANDYA,M,BJP,56.97
10866,2002,60,DHOLKA,GEN,CHUDASAMA BHUPENDRASINH,M,BJP,62.61
10869,2002,61,BAVLA,SC,LAKUM KANTIBHAI RAMABHAI,M,BJP,57.3
10873,2002,62,MANDAL,GEN,PATEL PRAGJIBHAI NARANBHAI,M,BJP,60.42
10878,2002,63,VIRAMGAM,GEN,DODIYA VAJUBHAI PARMABHAI,M,BJP,67.11
10880,2002,64,SARKHEJ,GEN,AMITBHAI ANILCHANDRA SHAH (AMIT SHAH),M,BJP,51.31
10889,2002,65,DASKROI,GEN,PATEL BABUBHAI JAMNADAS,M,BJP,60.23
10893,2002,66,DEHGAM,GEN,JAGDISH THAKOR,M,INC,67.52
10896,2002,67,SABARMATI,GEN,PATEL JITENDRABHAI BABUBHAI (DR. JITUBHAI PATEL),M,BJP,55.45
10904,2002,68,ELLIS BRIDGE,GEN,SHETH BHAVINBHAI NALINIBHAI (ENGINEER),M,BJP,48.46
10910,2002,69,DARIAPUR-KAZIPUR,GEN,BAROT BHARATKUMAR CHIMANLAL (BHARAT BAROT),M,BJP,53.22
10920,2002,70,SHAHPUR,GEN,PATEL KAUSHIKKUMAR JAMNADAS (KAUSHIK PATEL),M,BJP,66.73
10925,2002,71,KALUPUR,GEN,SHAIKH MOHAMMED FAROOQ HUSAINMIYA (FAROOQ,M,INC,74.98
10929,2002,72,ASARWA,GEN,JADEJA PRADIPSINH BHAGVATSINH,M,BJP,53.6
10944,2002,73,RAKHIAL,GEN,ZADAFIA GORDHANBHAI PRAGJIBHAI,M,BJP,63.74
10949,2002,74,SHAHER KOTDA,SC,VAGHELA JITENDRAKUMAR UMAKANT,M,BJP,60.43
10954,2002,75,KHADIA,GEN,ASHOK BHATT,M,BJP,65.46
10958,2002,76,JAMALPUR,GEN,DEVADIWALA USMANGANI ISMAILBHAI,M,INC,60.06
10968,2002,77,MANINAGAR,GEN,NARENDRA MODI,M,BJP,50.19
10972,2002,78,NARODA,GEN,KODNANI MAYABEN SURENDRABHAI,F,BJP,49.58
10980,2002,79,GANDHINAGAR,GEN,DR. C. J. CHAVDA,M,INC,61.38
10987,2002,80,KALOL-I,GEN,DR. ATUL K. PATEL,M,BJP,68.41
10994,2002,81,KADI,GEN,THAKOR BALDEVJI CHANDUJI,M,INC,79.38
11008,2002,82,JOTANA,SC,ISHWARBHAI DHANABHAI MAKWANA,M,BJP,67.24
11011,2002,83,MEHSANA,GEN,ANILBHAI TRIBHOVANDAS PATEL (APOLLO GROUP),M,BJP,63.91
11018,2002,84,MANSA,GEN,PRO. MANGALBHAI PATEL,M,BJP,66.57
11021,2002,85,VIJAPUR,GEN,PATEL KANTIBHAI RAMABHAI,M,BJP,70.81
11026,2002,86,VISNAGAR,GEN,PATEL PRAHLADBHAI MOHANLAL,M,BJP,70.51
11030,2002,87,KHERALU,GEN,DESAI RAMILABEN RAMBHAI,F,BJP,73.85
11032,2002,88,UNJHA,GEN,PATEL NARAYANBHAI LALLUBHAI,M,BJP,64.67
11035,2002,89,SIDHPUR,GEN,BALVANTSINH CHANDANSINH RAJPUT,M,INC,75.03
11037,2002,90,VAGDOD,GEN,THAKOR JODHAJI GALABJI,M,INC,61.94
11042,2002,91,PATAN,GEN,ANANDIBEN PATEL,F,BJP,58.26
11044,2002,92,CHANASMA,GEN,DESAI MALAJIBHAI DEVAJIBHAI,M,INC,72.7
11048,2002,93,SAMI,GEN,THAKOR DILIPKUMAR VIRAJIBHAI,M,BJP,69.05
11053,2002,94,RADHANPUR,GEN,CHAUDHARY SHANKARBHAI LAGDHIRBHAI,M,BJP,68.22
11057,2002,95,VAV,GEN,RAJPUT HEMAJI DARGHAJI,M,INC,69.6
11060,2002,96,DEODAR,GEN,PATEL BHEMABHAI RAMSINGBHAI,M,IND,72.87
11063,2002,97,KANKREJ,GEN,KHANPURA DHARSHIBHAI LAKHABHAI,M,INC,61.9
11067,2002,98,DEESA,GEN,RABARI GOVABHAI HAMIRABHAI,M,INC,70.57
11070,2002,99,DHANERA,GEN,PATEL HARJIVANBHAI HIRABHAI,M,BJP,68.01
11074,2002,100,PALANPUR,GEN,KACHORIYA KANTILAL DHARAMDAS,M,BJP,63.38
11080,2002,101,VADGAM,SC,DOLAT BHAI PARMAR,M,INC,68.29
11084,2002,102,DANTA,GEN,GADHVI MUKESHKUMAR BHAIRAVDANJI,M,INC,65.65
11086,2002,103,KHEDBRAHMA,ST,AMARSINH BHILABHAI CHAUDHARI,M,INC,67.5
11088,2002,104,IDAR,SC,VORA RAMANLAL ISHWARLAL,M,BJP,70.04
11090,2002,105,BHILODA,GEN,DR. ANIL JOSHIYARA,M,INC,63.18
11094,2002,106,HIMATNAGAR,GEN,CHAVADA RANJITSINH NARSINH,M,BJP,67.35
11098,2002,107,PRANTIJ,GEN,RATHOD DEEPSINH SHANKARSINH,M,BJP,66.82
11102,2002,108,MODASA,GEN,PARMAR DILIPSINH VAKHATSINH,M,BJP,69.06
11106,2002,109,BAYAD,GEN,SOLANKI RAMSINHJI RUPSINHJI,M,INC,72.79
11110,2002,110,MEGHRAJ,GEN,PARMAR BHIKHIBEN GIRVATSINH,F,BJP,64.82
11116,2002,111,SANTRAMPUR,GEN,PANDYA PRABODHKANT DAMODAR,M,BJP,66.48
11120,2002,112,JHALOD,ST,KATARA BHURABHAI JETABHAI,M,BJP,55.28
11123,2002,113,LIMDI,ST,BHURIYA MAHESHBHAI SOMJIBHAI,M,BJP,51.61
11130,2002,114,DOHAD,ST,DAMOR TERSINHBHAI BADIYABHAI,M,BJP,52.37
11133,2002,115,LIMKHEDA,ST,BABUBHAI SONIYABHAI BHABHOR,M,BJP,53.13
11139,2002,116,DEVGADH BARIA,GEN,BACHUBHAI KHABAD,M,BJP,67.05
11142,2002,117,RAJGADH,GEN,CHAUHAN FATESINH VAKHATSINH,M,BJP,61.22
11145,2002,118,HALOL,GEN,PARMAR JAYADRATHSINHJEE CHANDRASINHJEE,M,BJP,69.25
11148,2002,119,KALOL,GEN,CHAUHAN PRABHATSINH PRATAPSINH,M,BJP,73.07
11150,2002,120,GODHRA,GEN,BHATT HARESHKUMAR INDUPRASAD,M,BJP,68.52
11154,2002,121,SHEHRA,GEN,AHIR (BHARWAD) JETHABHAI GHELABHAI,M,BJP,67.4
11157,2002,122,LUNAVADA,GEN,MALIWAD KALUBHAI HIRABHAI,M,BJP,65.37
11163,2002,123,RANDHIKPUR,ST,JASVANTSINH SUMANBHAI BHABHOR,M,BJP,67.53
11166,2002,124,BALASINOR,GEN,RAJESH PATHAK (PAPPU PATHAK),M,BJP,70.6
11168,2002,125,KAPADVANJ,GEN,SHAH BIMAL KUMAR KAYANTILAL,M,BJP,68.5
11171,2002,126,THASRA,GEN,CHAUHAN BHAGVANSINH RAYSINH,M,BJP,65.63
11177,2002,127,UMRETH,GEN,PATEL VISHNUBHAI CHHOTABHAI,M,BJP,71.68
11180,2002,128,KATHLAL,GEN,ZALA GAUTAMBHAI JESANGBHAI,M,INC,62.04
11182,2002,129,MEHMEDABAD,GEN,CHAUHAN SUNDARSINH BHALABHAI,M,BJP,58.96
11188,2002,130,MAHUDHA,GEN,THAKOR NATVARSINH FULSINH,M,INC,63.79
11192,2002,131,NADIAD,GEN,DESAI PANKAJKUMAR VINUBHAI (GOTIYO),M,BJP,65.35
11194,2002,132,CHAKALASI,GEN,VAGHELA SHANKERBHAI DESAIBHAI,M,INC,66.68
11196,2002,133,ANAND,GEN,PATEL DILIPBHAI MANIBHAI,M,BJP,65.03
11201,2002,134,SARSA,GEN,SOLANKI JASVANTSINHJI AMARSINHJI (JASUBHA),M,BJP,69.55
11205,2002,135,PETLAD,GEN,CHANDRAKANT DAHYABHAI PATEL (C.D. PATEL),M,BJP,72.5
11209,2002,136,SOJITRA,SC,AMBALAL ASHABHAI ROHIT,M,BJP,67.82
11211,2002,137,MATAR,GEN,RAKESH RAO ADVOCATE,M,BJP,68.27
11215,2002,138,BORSAD,GEN,SOLANKI BHARATBHAI MADHAVSINH,M,INC,68.67
11218,2002,139,BHADRAN,GEN,PARMAR RAJENDRASINH DHIRSINH,M,INC,65.79
11220,2002,140,CAMBAY,GEN,SHUKAL SHIRISHKUMAR MADHUSUDAN,M,BJP,65.62
11223,2002,141,CHHOTA UDAIPUR,ST,RATHWA SHANKARBHAI VICHHIYABHAI,M,BJP,60.39
11227,2002,142,JETPUR-I,GEN,BARIA VECHATBHAI HAMIRBHAI,M,BJP,67.98
11230,2002,143,NASVADI,ST,BHIL KANTIBHAI TRIKAMBHAI,M,BJP,59.85
11236,2002,144,SANKHEDA,ST,TADVI KANTIBHAI BHAIJIBHAI,M,BJP,64.93
11241,2002,145,DABHOI,GEN,PATEL CHANDRAKANT MOTIBHAI (PROF. C. M. PATEL),M,BJP,69.86
11248,2002,146,SAVLI,GEN,UPENDRASINHJI PRATAPSINHJI GOHIL (BAPU),M,BJP,69.19
11250,2002,147,BARODA CITY,GEN,BHUPENDRA LAKHAWALA,M,BJP,61.24
11258,2002,148,SAYAJIGANJ,GEN,JITENDRA SUKHADIA,M,BJP,58.01
11269,2002,149,RAOPURA,GEN,YOGESH PATEL,M,BJP,57.58
11271,2002,150,VAGHODIA,GEN,MADHUBHAI SHRIVASTAV,M,BJP,64.29
11275,2002,151,BARODA RURAL,GEN,DILUBHA CHUDASAMA,M,BJP,63.2
11283,2002,152,PADRA,GEN,POONAM PARMAR (POONAM RANCHHODSINH PARMAR),M,BJP,72.28
11288,2002,153,KARJAN,SC,KANODIA NARESHKUMAR MITHALAL,M,BJP,74.69
11294,2002,154,JAMBUSAR,GEN,MORI CHHATRASINH PUJABHAI,M,BJP,69.31
11301,2002,155,VAGRA,GEN,RASHIDA IQBAL PATEL,F,INC,74.92
11304,2002,156,BROACH,GEN,MISTRY RAMESHBHAI NARANDAS,M,BJP,70.09
11311,2002,157,ANKLESHWAR,GEN,PATEL ISHWARSINH THAKORBHAI,M,BJP,69.96
11315,2002,158,JHAGADIA,ST,VASAVA CHHOTUBHAI,M,JD(U),69.12
11320,2002,159,DEDIAPADA,ST,MAHESHBHAI CHHOTUBHAI VASAVA,M,JD(U),67.63
11326,2002,160,RAJPIPLA,ST,VASAVA HARSHADBHAI CHUNILAL,M,BJP,68.54
11332,2002,161,NIJHAR,ST,VASAVA PARESHBHAI GOVINDBHAI,M,INC,64.58
11339,2002,162,MANGROL-I,ST,VASAVA GANPATBHAI VESTABHAI,M,BJP,68.24
11343,2002,163,SONGADH,ST,VASAVA NAGARBHAI DIVELIYABHAI,M,INC,64.63
11351,2002,164,VYARA,ST,CHAUDHARY TUSHARBHAI AMARSINHBHAI,M,INC,65.79
11357,2002,165,MAHUVA-I,ST,DHODIYA MOHANBHAI DHANJIBHAI,M,BJP,59.64
11364,2002,166,BARDOLI,ST,ANILKUMAR MOHANBHAI PATEL (RATHOD),M,INC,62.53
11370,2002,167,KAMREJ,ST,RATHOD PRAVINBHAI CHHAGANBHAI,M,BJP,64.96
11375,2002,168,OLPAD,GEN,PATEL DHANSUKHBHAI NATHUBHAI,M,BJP,47.83
11383,2002,169,SURAT CITY NORTH,GEN,GEJERA DHIRUBHAI HARIBHAI,M,BJP,52.2
11392,2002,170,SURAT CITY EAST,GEN,GILITWALA MANISH NATVARLAL,M,INC,48.68
11401,2002,171,SURAT CITY WEST,GEN,CHAPATWALA BHAVNABEN HEMANTBHAI,F,BJP,38.65
11412,2002,172,CHORASI,GEN,NAROTTAMBHAI PATEL,M,BJP,35.67
11425,2002,173,JALALPORE,GEN,R. C. PATEL,M,BJP,62.5
11432,2002,174,NAVSARI,ST,PATEL MANGUBHAI CHHAGANBHAI,M,BJP,60.83
11435,2002,175,GANDEVI,GEN,KARSANBHAI BHIKHABHAI PATEL,M,BJP,65.41
11438,2002,176,CHIKHLI,ST,BHARTIBEN NARDEVBHAI PATEL,F,INC,67.03
11441,2002,177,DANGS-BANSDA,ST,BHOYE MADHUBHAI JELIYABHAI,M,INC,55.91
11447,2002,178,BULSAR,GEN,DESAI DOLATRAI NATHUBHAI,M,BJP,58.79
11452,2002,179,DHARAMPUR,ST,KISHANBHAI VESTABHAI PATEL,M,INC,67.98
11457,2002,180,MOTA PONDHA,ST,CHAUDHARI JITUBHAI HARJIBHAI,M,INC,65.69
11461,2002,181,PARDI,ST,PATEL LAXMANBHAI BABUBHAI,M,INC,60.03
11467,2002,182,UMBERGAON,ST,SHANKARBHAI MANGLABHAI VARLI,M,INC,55.81
11472,2007,1,ABDASA,GEN,JAYANTILAL PARSOTTAM BHANUSHALI,M,BJP,64.12
11478,2007,2,MANDVI,GEN,SENGHANI DHANJIBHAI (ALIAS MANGAL) GOVINDBHAI,M,BJP,61.36
11487,2007,3,BHUJ,GEN,AHIR VASANBHAI GOPALBHAI,M,BJP,62
11496,2007,4,MUNDRA,SC,MAHESHWARI RAMESH VACHCHHRAJ,M,BJP,60.24
11501,2007,5,ANJAR,GEN,ACHARYA NEEMABEN BHAVESHBHAI,F,BJP,54.71
11515,2007,6,RAPAR,GEN,GADA(SHAH) BABUBHAI MEGHJI,M,INC,52.06
11521,2007,7,DASADA,SC,TUNDIYA SHAMBHUPRASAD BALDEVDASJI,M,BJP,52.31
11526,2007,8,WADHWAN,GEN,DOSHI VARSHABEN NARENDRABHAI,F,BJP,58.78
11533,2007,9,LIMBDI,GEN,RANA KIRITSINH JEETUBHA,M,BJP,59.9
11543,2007,10,CHOTILA,GEN,JINJARIYA POPATBHAI SAVSIBHAI,M,INC,51.18
11551,2007,11,HALVAD,GEN,DEVJIBHAI GOVINDBHAI FATEPARA,M,INC,68.38
11559,2007,12,DHRANGADHRA,GEN,PATEL HARILAL MOHANLAL,M,INC,73.89
11567,2007,13,MORVI,GEN,AMRUTIYA KANTILAL SHIVLAL,M,BJP,68.61
11578,2007,14,TANKARA,GEN,KUNDARIYA MOHANBHAI KALYANJIBHAI,M,BJP,64.72
11585,2007,15,WANKANER,GEN,PIRJADA MAHMADJAVID ABDULMUTLIB,M,INC,63.65
11594,2007,16,JASDAN,GEN,BAVALIYA KUNVARJIBHAI MOHANBHAI,M,INC,62.09
11601,2007,17,RAJKOT-I,GEN,GOVINDBHAI UKABHAI PATEL,M,BJP,52.71
11609,2007,18,RAJKOT-II,GEN,VAJUBHAI VALA,M,BJP,52.56
11616,2007,19,RAJKOT RURAL,SC,BHANUBEN MANOHARBHAI BABARIYA,F,BJP,48.23
11624,2007,20,GONDAL,GEN,VAGHASIYA CHANDUBHAI BACHUBHAI,M,NCP,61.29
11632,2007,21,JETPUR,GEN,KORAT JASHUBEN SAVJIBHAI,F,BJP,59.97
11640,2007,22,DHORAJI,GEN,RADADIYA VITTHALBHAI HANSRAJBHAI,M,INC,61.67
11646,2007,23,UPLETA,GEN,MAKADIYA PRAVINBHAI MOHANBHAI,M,BJP,56.66
11651,2007,24,JODIYA,GEN,PATEL RAGHAVJIBHAI HANSRAJBHAI,M,INC,70.68
11659,2007,25,JAMNAGAR,GEN,PROF. VASUBEN TRIVEDI,F,BJP,52.18
11668,2007,26,JAMNAGAR RURAL,SC,LALJIBHAI PREMJIBHAI SOLANKI,M,BJP,47.3
11681,2007,27,KALAWAD,GEN,FALDU RANCHHODBHAI CHANABHAI (R.C.FALDU),M,BJP,58
11692,2007,28,JAMJODHPUR,GEN,JADEJA BRIJRAJSINH HEMATSINH,M,INC,69.94
11698,2007,29,BHANVAD,GEN,AYAR BERA MULUBHAI HARDASBHAI,M,BJP,58.56
11708,2007,30,KHAMBHALIA,GEN,KANZARIYA MEGHJI DAYA,M,BJP,54.27
11713,2007,31,DWARKA,GEN,MANEK PABUBHA VIRAMBHA,M,BJP,46.26
11722,2007,32,PORBANDAR,GEN,MODHWADIYA ARJUNBHAI DEVABHAI,M,INC,61.6
11737,2007,33,KUTIYANA,GEN,ODEDARA KARSANBHAI DULABHAI,M,BJP,51.73
11745,2007,34,MANGROL,GEN,KARGATIYA BHAGVANVANJIBHAI LAKHABHAI,M,BJP,59.78
11751,2007,35,MANAVADAR,GEN,CHAVADA JAWAHARBHAI PETHLJIBHAI,M,INC,67.21
11763,2007,36,KESHOD,SC,MAKWANA VANDNABEN MANSHUKHBHAI,F,BJP,55.23
11766,2007,37,TALALA,GEN,BARAD BHAGAVANBHAI DHANABHAI,M,INC,72.97
11771,2007,38,SOMNATH,GEN,JOTVA RAJSIBHAI VIRABHAI,M,BJP,68.46
11780,2007,39,UNA,GEN,RATHOD KALUBHAI CHANABHAI,M,BJP,66.54
11786,2007,40,VISAVADAR,GEN,BHALALA KANUBHAI MEPABHAI,M,BJP,53.63
11793,2007,41,MALIYA,GEN,RAJANI LAVAJIBHAI THAKARSHIBHAI,M,BJP,58.64
11801,2007,42,JUNAGADH,GEN,MASHRU MAHENDRABHAI LILADHARBHAI,M,BJP,51.55
11810,2007,43,BABRA,GEN,UNDHAD BAVAKUBHAI NATHABHAI,M,INC,64.65
11816,2007,44,LATHI,GEN,DHORAJIYA HANUBHAI (BHABHA),M,BJP,58.55
11823,2007,45,AMRELI,GEN,DILEEP SANGHANI,M,BJP,61.75
11831,2007,46,DHARI,GEN,BHUVA MANSUKHBHAI PANCHABHAI,M,BJP,56.41
11841,2007,47,KODINAR,GEN,SOLANKI DINUBHAI BOGHABHAI,M,BJP,67.53
11847,2007,48,RAJULA,GEN,SOLANKI HIRABHAI ODHAVJIBHAI,M,BJP,57.94
11852,2007,49,BOTAD,GEN,SAURABH PATEL,M,BJP,69
11864,2007,50,GADHADA,SC,PARMAR ATMARAM MAKANBHAI,M,BJP,59.2
11871,2007,51,PALITANA,GEN,SARVAIYA MAHENDRASINH PARAKRAMSINH,M,BJP,58.37
11880,2007,52,SIHOR,GEN,NAKARANI KESHUBHAI HIRAJIBHAI,M,BJP,57.84
11885,2007,53,KUNDLA,GEN,KALUBHAI VIRANI,M,BJP,57.18
11896,2007,54,MAHUVA,GEN,BAMBHANIYA JAYANTIBHAI BABUBHAI,M,BJNKP,13.67
11906,2007,55,TALAJA,GEN,MAKVANA BHAVNABEN RAGHAVJIBHAI,F,BJP,49
11911,2007,56,GHOGHO,GEN,PARSHOTTAMBHAI ODHAVJIBHAI SOLANKI,M,BJP,58.84
11918,2007,57,BHAVNAGAR NORTH,GEN,DAVE VIBHAVARIBEN VIJAYBHAI (VIBHABEN DAVE),F,BJP,50.96
11928,2007,58,BHAVNAGAR SOUTH,GEN,GOHIL SHAKTISINH HARICHANDRASINH,M,INC,62.82
11939,2007,59,DHANDHUKA,GEN,MER RANCHHODBHAI KARSHANBHAI,M,IND,57.54
11946,2007,60,DHOLKA,GEN,TALPADA KANJIBHAI RAYABHAI,M,INC,34.76
11953,2007,61,BAVLA,SC,LAKUM KANTILAL RAMABHAI,M,BJP,56.71
11957,2007,62,MANDAL,GEN,PATEL PRAGJIBHAI NARANBHAI,M,BJP,54.71
11967,2007,63,VIRAMGAM,GEN,RATHOD KAMABHAI GAGJIBHAI,M,BJP,61.26
11972,2007,64,SARKHEJ,GEN,AMIT SHAH,M,BJP,58.45
11979,2007,65,DASKROI,GEN,PATEL BABUBHAI JAMNADAS (BJP),M,BJP,56.87
11985,2007,66,DEHGAM,GEN,THAKOR JAGDISHBHAI MOTIJI,M,INC,64.57
11991,2007,67,SABARMATI,GEN,PATEL GITABEN YOGESHBHAI,F,BJP,55.91
11998,2007,68,ELLIS BRIDGE,GEN,RAKESH SHAH,M,BJP,58.25
12004,2007,69,DARIAPUR-KAZIPUR,GEN,BAROT BHARATKUMAR CHIMANLAL (BHARAT BAROT),M,BJP,57.78
12016,2007,70,SHAHPUR,GEN,SHAIKH GYASUDDIN HABIBUDDIN,M,INC,65.9
12027,2007,71,KALUPUR,GEN,SHAIKH MOHAMMAD FARUK HUSSAINMIYA (FARUK SHAIKH),M,INC,64.64
12035,2007,72,ASARWA,GEN,PRADIPSINH BHAGVATSINH JADEJA,M,BJP,56.84
12047,2007,73,RAKHIAL,GEN,KAKADIYA VALLABHBHAI GOBARBHAI (VALLABHBHAI HIRAWALA),M,BJP,61.75
12061,2007,74,SHAHER KOTDA,SC,PARMAR SHAILESH MANHARBHAI,M,INC,35.54
12068,2007,75,KHADIA,GEN,ASHOK BHATT,M,BJP,58.77
12076,2007,76,JAMALPUR,GEN,KHEDAWALA SABIRBHAI ABDULKARIM (SABIRBHAI KABLIWALA),M,INC,58.98
12086,2007,77,MANINAGAR,GEN,NARENDRA MODI,M,BJP,60.93
12096,2007,78,NARODA,GEN,DR. KODNANI MAYA SURENDRAKUMAR (DR. MAYA KODNANI),F,BJP,55.79
12103,2007,79,GANDHINAGAR,GEN,THAKOR SHAMBHUJI CHELAJI,M,BJP,9.92
12117,2007,80,KALOL-I,GEN,PATEL SURESHKUMAR CHATURDAS,M,INC,65.62
12124,2007,81,KADI,GEN,PATEL NITINKUMAR RATILAL,M,BJP,73.14
12132,2007,82,JOTANA,SC,PARMAR JASHODABEN CHATURBHAI,F,BJP,61.95
12137,2007,83,MEHSANA,GEN,PATEL ANILKUMAR TRIBHOVANDAS,M,BJP,62.64
12143,2007,84,MANSA,GEN,PRO.PATEL MAGALDAS MADHAVALAL,M,BJP,64.26
12150,2007,85,VIJAPUR,GEN,KANTIBHAI RAMABHAI PATEL,M,BJP,63.22
12156,2007,86,VISNAGAR,GEN,PATEL RUSHIKESH GANESHBHAI,M,BJP,62.95
12160,2007,87,KHERALU,GEN,DABHI BHARATSINHJI SHANKARJI,M,BJP,62.24
12165,2007,88,UNJHA,GEN,PATEL NARAYANBHAI LALLUDAS,M,BJP,63.39
12168,2007,89,SIDHPUR,GEN,JAY NARAYAN VYAS,M,BJP,71.57
12173,2007,90,VAGDOD,GEN,THAKOR JODHAJI GALABJI,M,INC,56
12179,2007,91,PATAN,GEN,PATEL ANANDIBEN MAFATBHAI,F,BJP,66.06
12187,2007,92,CHANASMA,GEN,PATEL RAJNIKANT SOMABHAI,M,BJP,67.07
12194,2007,93,SAMI,GEN,RATHOD BHAVSINHBHAI DAHYABHAI,M,INC,61.47
12198,2007,94,RADHANPUR,GEN,CHAUDHARI SHANKARBHAI LAGDHIRBHAI,M,BJP,66.5
12208,2007,95,VAV,GEN,PATEL PARBATBHAI SAVABHAI,M,BJP,69.1
12216,2007,96,DEODAR,GEN,MALI ANILKUMAR AMRUTLAL,M,BJP,65.57
12223,2007,97,KANKREJ,GEN,DESAI BABUBHAI JESANGBHAI,M,BJP,58.03
12227,2007,98,DEESA,GEN,VAGHELA LILADHARBHAI KHODAJI,M,BJP,63.28
12232,2007,99,DHANERA,GEN,PUROHIT MAFATLAL MOTIRAM,M,BJP,62.78
12240,2007,100,PALANPUR,GEN,PRAJAPATI GOVINDBHAI MADHAVLAL,M,BJP,59.85
12249,2007,101,VADGAM,SC,VAGHELA FAKIRBHAI RAGHABHAI,M,BJP,58.77
12254,2007,102,DANTA,GEN,GADHAVI MUKESHKUMAR BHERAVDANJI,M,INC,60.46
12260,2007,103,KHEDBRAHMA,ST,ASHWIN KOTVAL,M,INC,56.25
12265,2007,104,IDAR,SC,VORA RAMANLAL ISHVARLAL,M,BJP,66.94
12268,2007,105,BHILODA,ST,ANIL JOSHIYARA,M,INC,62.01
12279,2007,106,HIMATNAGAR,GEN,PATEL PRAFULLBHAI KHODABHAI,M,BJP,67.37
12286,2007,107,PRANTIJ,GEN,CHAUHAN JAYSINHJI MANSINHJI,M,BJP,63.41
12289,2007,108,MODASA,GEN,PARMAR DILIPSIHJI VAKHATSIHJI,M,BJP,60.37
12293,2007,109,BAYAD,GEN,ZALA UDESINH PUNJAJI,M,BJP,54.73
12300,2007,110,MEGHRAJ,GEN,VAGHELA MAHENDRASINH SHANKARSINH,M,INC,58.2
12306,2007,111,SANTRAMPUR,GEN,PARMAR PARANJAYADITYASINHJI KRISHNAKUMARSINHJI,M,INC,55.5
12312,2007,112,JHALOD,ST,MACHHAR DITABHAI BHIMABHAI,M,INC,48.18
12315,2007,113,LIMDI,ST,KISHORI BACHUBHAI NATHABHAI,M,INC,48.91
12319,2007,114,DOHAD,ST,PANADA VAJESINGBHAI PARSINGBHAI,M,INC,48.19
12326,2007,115,LIMKHEDA,ST,SMR. BARIYA CHANDRIKABEN CHHAGANBHAI,F,INC,42.78
12333,2007,116,DEVGADH BARIA,GEN,MAHARAUL TUSHARSINH KANAKSINH,M,NCP,60.85
12339,2007,117,RAJGADH,GEN,CHAUHAN FATESINH VAKHATSINH,M,BJP,55.02
12345,2007,118,HALOL,GEN,PARMAR JAYDRATHSINHJI CHANDRASINHJI,M,BJP,63.59
12348,2007,119,KALOL,GEN,RATHOD ARVINDSINH DAMSINH,M,BJP,54.27
12355,2007,120,GODHRA,GEN,C.K. RAULJI,M,INC,57.68
12360,2007,121,SHEHRA,GEN,AHIR (BHARWAD) JETHABHAI GHELABHAI,M,BJP,58.42
12363,2007,122,LUNAVADA,GEN,PATEL HIRABHAI HARIBHAI,M,INC,51.36
12369,2007,123,RANDHIKPUR,ST,JASVANTSINH SUMANBHAI BHABHOR,M,BJP,53.54
12371,2007,124,BALASINOR,GEN,CHAUHAN MANSINH KOHYABHAI,M,INC,65.03
12376,2007,125,KAPADVANJ,GEN,PATEL MANIBHAI DEVJIBHAI,M,INC,66.67
12384,2007,126,THASRA,GEN,PARMAR RAMSINH PRABHATSINH,M,INC,61.15
12387,2007,127,UMRETH,GEN,VADODIA LALSINH UDESHINH,M,INC,63.19
12393,2007,128,KATHLAL,GEN,ZALA GAUTAMBHAI JESANGBHAI,M,INC,58.78
12397,2007,129,MEHMEDABAD,GEN,CHAUHAN SUNDARSINH BHALABHAI,M,BJP,59.41
12400,2007,130,MAHUDHA,GEN,NATVARSINH FULSINH THAKOR,M,INC,55.89
12407,2007,131,NADIAD,GEN,DESAI PANKAJKUMAR VINUBHAI (GOTIYO),M,BJP,65.81
12412,2007,132,CHAKALASI,GEN,VAGHELA SHANKARBHAI DESAIBHAI,M,INC,60.06
12415,2007,133,ANAND,GEN,PATEL JYOTSNABEN RAJUBHAI,F,BJP,63.25
12423,2007,134,SARSA,GEN,JAYANTBHAI RAMANBHAI PATEL (BOSKEY),M,NCP,66.17
12427,2007,135,PETLAD,GEN,NIRANJAN PATEL,M,INC,66.23
12432,2007,136,SOJITRA,SC,ROHIT AMBALAL ASHABHAI,M,BJP,64.91
12435,2007,137,MATAR,GEN,CHAUHAN DEVUSINH JESINGBHAI,M,BJP,63.31
12437,2007,138,BORSAD,GEN,AMITKUMAR AJITKUMAR CHAVDA,M,INC,64.41
12443,2007,139,BHADRAN,GEN,PARMAR RAJENDRASINH DHIRSINH,M,INC,61.83
12449,2007,140,CAMBAY,GEN,SHUKAL SHIRISHKUMAR MADHUSUDAN,M,BJP,60.62
12454,2007,141,CHHOTA UDAIPUR,ST,GULSINGHBHAI RANGALABHAI RATHVA,M,BJP,51.1
12459,2007,142,JETPUR-I,ST,MOHANSINH CHHOTUBHAI RATHAVA,M,INC,59.15
12462,2007,143,NASVADI,ST,BHIL DHIRUBHAI CHUNILAL,M,INC,57.72
12470,2007,144,SANKHEDA,ST,TADVI ABHESINH MOTIBHAI,M,BJP,60.28
12477,2007,145,DABHOI,GEN,SIDDHARTH CHIMANBHAI PATEL,M,INC,70.45
12487,2007,146,SAVLI,GEN,CHAUHAN KHUMANSINH RAYSINH,M,INC,64.3
12492,2007,147,BARODA CITY,GEN,LAKHAWALA BHUPENDRABHAI GATULAL,M,BJP,54.53
12498,2007,148,SAYAJIGANJ,GEN,JITENDRA SUKHADIYA,M,BJP,54.25
12509,2007,149,RAOPURA,GEN,YOGESH PATEL,M,BJP,54.6
12515,2007,150,VAGHODIA,GEN,SHRIVASTAV MADHUBHAI BABUBHAI,M,BJP,63.03
12523,2007,151,BARODA RURAL,GEN,GOHIL UPENDRASINH PRATAPSINH,M,BJP,59.61
12528,2007,152,PADRA,GEN,DINESHBHAI B PATEL (DINU MAMA),M,IND,64.47
12534,2007,153,KARJAN,SC,DABHI CHANDUBHAI MOTIBHAI,M,INC,65.93
12538,2007,154,JAMBUSAR,GEN,KIRANKUMAR LAKSHMANBHAI MAKWANA,M,INC,57.31
12548,2007,155,VAGRA,GEN,IQBAL PATEL,M,INC,66.71
12556,2007,156,BROACH,GEN,DUSHYANTBHAI RAJNIKANT PATEL,M,BJP,62.97
12568,2007,157,ANKLESHWAR,GEN,PATEL ISHWARSINH THAKORBHAI,M,BJP,67.08
12578,2007,158,JHAGADIA,ST,VASAVA CHHOTUBHAI AMARASINHBHAI,M,JD(U),66.92
12582,2007,159,DEDIAPADA,ST,VASAVA AMARSINH RAMSINH,M,INC,70.81
12591,2007,160,RAJPIPLA,ST,HARSHADBHAI CHUNILAL VASAVA,M,BJP,68.08
12601,2007,161,NIJHAR,ST,PARESHBHAI GOVINDBHAI VASAVA,M,INC,65.65
12609,2007,162,MANGROL-I,ST,VASAVA GANPATSINH VESTABHAI,M,BJP,69.41
12614,2007,163,SONGADH,ST,VASAVA PRABUBHAI NAGARBHAI,M,INC,67.95
12621,2007,164,VYARA,ST,GAMIT PUNABHAI DHEDABHAI,M,INC,68.15
12628,2007,165,MAHUVA-I,ST,ISHAWARBHAI NARSINHBHAI VAHIA,M,INC,67.45
12631,2007,166,BARDOLI,ST,HALPATI KUVARJIBHAI NARSINHBHAI,M,INC,66.35
12636,2007,167,KAMREJ,ST,RATHOD BHARTIBEN AMRUTBHAI,F,BJP,6.8
12641,2007,168,OLPAD,GEN,PATEL KIRITBHAI GANGARAMBHAI,M,BJP,52.16
12649,2007,169,SURAT CITY NORTH,GEN,VANANI NANUBHAI BHAGVANBHAI,M,BJP,60.53
12659,2007,170,SURAT CITY EAST,GEN,GILITWALA RANJITBHAI MANGUBHAI,M,BJP,59.45
12670,2007,171,SURAT CITY WEST,GEN,KISHOR VANKAWALA,M,BJP,57.43
12678,2007,172,CHORASI,GEN,NAROTTAMBHAI PATEL,M,BJP,53.42
12689,2007,173,JALALPORE,GEN,R. C. PATEL,M,BJP,62.23
12696,2007,174,NAVSARI,ST,PATEL MANGUBHAI CHHAGANBHAI,M,BJP,64.48
12700,2007,175,GANDEVI,GEN,PATEL LAXMANBHAI PARSOTTAMBHAI,M,BJP,63.1
12703,2007,176,CHIKHLI,ST,PATEL NARESHBHAI MAGANBHAI,M,BJP,68.95
12707,2007,177,DANGS-BANSDA,ST,PATEL VIJAYBHAI RAMESHBHAI,M,BJP,58.87
12712,2007,178,BULSAR,GEN,DESAI DOLATRAI NATHUBHAI,M,BJP,59.64
12717,2007,179,DHARAMPUR,ST,CHAUDHARI CHHANABHAI KOLUBHAI,M,INC,66.99
12722,2007,180,MOTA PONDHA,ST,CHAUDHARY JITUBHAI HIRJIBHAI,M,INC,70.67
12728,2007,181,PARDI,ST,PATEL USHABEN GIRISHKUMAR,F,BJP,61.74
12732,2007,182,UMBERGAON,ST,RAMANLAL NANUBHAI PATKAR,M,BJP,53.66
12744,2012,1,ABDASA,GEN,CHHABILBHAI NARANBHAI PATEL,M,INC,99.96
12750,2012,2,MANDVI,GEN,CHHEDA TARACHAND JAGSHIBHAI,M,BJP,99.88
12761,2012,3,BHUJ,GEN,DR. NIMABEN AACHARYA,F,BJP,99.96
12771,2012,4,ANJAR,GEN,AHIR VASANBHAI GOPALBHAI,M,BJP,99.89
12779,2012,5,GANDHIDHAM,SC,MAHESHWARI RAMESH VACHCHHRAJ,M,BJP,99.98
12786,2012,6,RAPAR,GEN,VAGHAJIBHAI DHARAMSHIBHAI PATEL,M,BJP,99.98
12797,2012,7,VAV,GEN,SHANKARBHAI LAGDHIRBHAI PATEL (CHAUDHARY),M,BJP,99.93
12804,2012,8,THARAD,GEN,PARABATBHAI SAVABHAI PATEL,M,BJP,100
12809,2012,9,DHANERA,GEN,JOITABHAI KASNABHAI PATEL,M,INC,99.96
12818,2012,10,DANTA,ST,KHARADI KANTIBHAI KALABHAI,M,INC,99.93
12822,2012,11,VADGAM,SC,MANILAL JETHABHAI VAGHELA,M,INC,100
12837,2012,12,PALANPUR,GEN,MAHESHKUMAR AMRUTLAL PATEL,M,INC,99.93
12845,2012,13,DEESA,GEN,VAGHELA LILADHARBHAI KHODAJI,M,BJP,99.98
12858,2012,14,DEODAR,GEN,CHAUHAN KESHAJI SHIVAJI,M,BJP,99.97
12865,2012,15,KANKREJ,GEN,KHANPURA DHARSHIBHAI LAKHABHAI,M,INC,99.89
12877,2012,16,RADHANPUR,GEN,THAKOR NAGARJI HARCHANDJI,M,BJP,99.98
12883,2012,17,CHANASMA,GEN,DILIPKUMAR VIRAJIBHAI THAKOR,M,BJP,99.97
12901,2012,18,PATAN,GEN,DESAI RANCHHOD MAHIJIBHAI (RANCHHOD RABARI VAKIL),M,BJP,99.81
12905,2012,19,SIDHPUR,GEN,BALVANTSINH CHANDANSINH RAJPUT,M,INC,99.96
12918,2012,20,KHERALU,GEN,DHABHI BHARATSIGHJI SANKARJI,M,BJP,99.88
12926,2012,21,UNJHA,GEN,NARAYANBHAI LALLUDAS PATEL,M,BJP,99.89
12934,2012,22,VISNAGAR,GEN,RUSHIKESH GANESHBHAI PATEL,M,BJP,99.88
12942,2012,23,BECHARAJI,GEN,RAJANIKANT SOMABHAI PATEL,M,BJP,99.84
12952,2012,24,KADI,SC,CHAVADA RAMESHBHAI MAGANBHAI,M,INC,99.94
12956,2012,25,MEHSANA,GEN,NITINKUMAR RATILAL PATEL,M,BJP,99.97
12969,2012,26,VIJAPUR,GEN,PRAHLADBHAI ISHWARBHAI PATEL,M,INC,99.9
12985,2012,27,HIMATNAGAR,GEN,CHAVDA RAJENDRASINH RANJITSINH (RAJUBHAI CHAVDA),M,INC,99.85
12996,2012,28,IDAR,SC,RAMANLAL ISHVARLAL VORA,M,BJP,99.8
13003,2012,29,KHEDBRAHMA,ST,ASHWIN KOTVAL,M,INC,99.88
13014,2012,30,BHILODA,ST,ANIL JOSHIYARA,M,INC,99.57
13022,2012,31,MODASA,GEN,THAKOR RAJENDRASINH SHIVSINH,M,INC,99.53
13030,2012,32,BAYAD,GEN,VAGHELA MAHENDRASINH SHANKARSINH,M,INC,99.77
13035,2012,33,PRANTIJ,GEN,BARAIYA MAHENDRASINH KACHARSINH ( ADVOCATE ),M,INC,99.9
13044,2012,34,DEHGAM,GEN,RATHOD KAMINIBA BHUPENDRASINH,F,INC,99.88
13051,2012,35,GANDHINAGAR SOUTH,GEN,THAKOR SHAMBHUJI CHELAJI,M,BJP,99.97
13059,2012,36,GANDHINAGAR NORTH,GEN,ASHOKKUMAR RANCHHODBHAI PATEL,M,BJP,99.74
13066,2012,37,MANSA,GEN,CHAUDHARI AMITBHAI HARISINGBHAI,M,INC,99.93
13072,2012,38,KALOL-I,GEN,THAKOR BALDEVJI CHANDUJI,M,INC,99.96
13087,2012,39,VIRAMGAM,GEN,TEJASHREEBEN DILIPKUMAR PATEL,F,INC,99.93
13092,2012,40,SANAND,GEN,KARAMSIBHAI VIRJIBHAI PATEL,M,INC,99.92
13099,2012,41,GHATLODIA,GEN,ANANDIBEN MAFATBHAI PATEL,F,BJP,99.86
13113,2012,42,VEJALPUR,GEN,CHAUHAN KISHORSINH BABULAL (KISHOR CHAUHAN),M,BJP,99.91
13121,2012,43,VATVA,GEN,PRADIPSINH BHAGWATSINH JADEJA,M,BJP,100
13140,2012,44,ELLIS BRIDGE,GEN,SHRI RAKESH SHAH,M,BJP,99.91
13145,2012,45,NARANPURA,GEN,AMITBHAI ANILCHANDRA SHAH (AMIT SHAH),M,BJP,99.91
13153,2012,46,NIKOL,GEN,PANCHAL JAGDISH ISHWARBHAI,M,BJP,100
13171,2012,47,NARODA,GEN,WADHWANI NIRMALABEN SUNILBHAI,F,BJP,99.98
13175,2012,48,THAKKARBAPA NAGAR,GEN,KAKADIYA VALLABHBHAI GOBARBHAI (VALLABHBHAI HIRAWALA),M,BJP,99.89
13186,2012,49,BAPUNAGAR,GEN,RAJPUT JAGRUPSINH GIRDANSINH,M,BJP,99.9
13200,2012,50,AMRAIWADI,GEN,HASMUKHBHAI SOMABHAI PATEL,M,BJP,99.92
13215,2012,51,DARIAPUR,GEN,GYASUDDIN HABIBUDDIN SHEKH,M,INC,99.88
13226,2012,52,JAMALPUR,GEN,BHATT BHUSHAN ASHOK,M,BJP,99.98
13234,2012,53,MANINAGAR,GEN,NARENDRA MODI,M,BJP,99.93
13249,2012,54,DANILIMDA,SC,SHAILESH MANUBHAI PARMAR,M,INC,99.94
13251,2012,55,SABARMATI,GEN,ARVINDKUMAR GANDALAL PATEL (ARVIND DALAL),M,BJP,99.88
13257,2012,56,ASARWA,SC,RAJANIKANT MOHANLAL PATEL (R.M. PATEL),M,BJP,99.92
13270,2012,57,DASKROI,GEN,BABUBHAI JAMNADAS PATEL,M,BJP,99.93
13275,2012,58,DHOLKA,GEN,CHUDASAMA BHUPENDRASINH MANUBHA,M,BJP,99.85
13288,2012,59,DHANDHUKA,GEN,LALJIBHAI CHATURBHAI KOLIPATEL,M,BJP,99.91
13293,2012,60,DASADA,SC,MAKWANA PUNAMBHAI KALABHAI,M,BJP,99.84
13310,2012,61,LIMBDI,GEN,SOMABHAI GANDALAL KOLIPATEL,M,INC,99.99
13319,2012,62,WADHWAN,GEN,DOSHI VARSHABEN NARENDRABHAI,F,BJP,99.99
13330,2012,63,CHOTILA,GEN,SHAMJIBHAI BHIMJIBHAI CHAUHAN,M,BJP,99.99
13332,2012,64,DHRANGADHRA,GEN,KAVADIA JAYANTIBHAI RAMJIBHAI,M,BJP,100
13347,2012,65,MORVI,GEN,AMRUTIYA KANTILAL SHIVABHAI,M,BJP,99.99
13355,2012,66,TANKARA,GEN,KUNDARIYA MOHANBHAI KALYANJIBHAI,M,BJP,99.87
13368,2012,67,WANKANER,GEN,PEERZADA MAHMAD JAVID ABDUL MUTLEEB,M,INC,99.56
13376,2012,68,RAJKOT EAST,GEN,RAJGURU INDRANIL SANJAYBHAI,M,INC,99.98
13384,2012,69,RAJKOT WEST,GEN,VAJUBHAI RUDABHAI VALA,M,BJP,99.95
13396,2012,70,RAJKOT SOUTH,GEN,GOVIND PATEL,M,BJP,99.94
13403,2012,71,RAJKOT RURAL,SC,BHANUBEN MANOHARBHAI BABARIYA,F,BJP,100
13408,2012,72,JASDAN,GEN,GOHEL BHOLABHAI BHIKHABHAI,M,INC,99.97
13423,2012,73,GONDAL,GEN,JADEJA JAYRAJSINH TEMUBHA,M,BJP,99.96
13441,2012,74,JETPUR,GEN,RADADIYA JAYESHBHAI VITTHALBHAI,M,INC,99.97
13448,2012,75,DHORAJI,GEN,RADADIYA VITHALBHAI HANSRAJBHAI,M,INC,99.96
13466,2012,76,KALAWAD,SC,CHAVDA MEGHJIBHAI AMARABHAI,M,BJP,99.98
13473,2012,77,JAMNAGAR RURAL,GEN,RAGHAVJIBHAI HANSRAJBHAI PATEL,M,INC,99.96
13491,2012,78,JAMNAGAR NORTH,GEN,JADEJA DHARMENDRASINH MERUBHA (HAKUBHA JADEJA),M,INC,99.98
13504,2012,79,JAMNAGAR SOUTH,GEN,TRIVEDI VASUBEN NARENDRABHAI,F,BJP,99.96
13516,2012,80,JAMJODHPUR,GEN,SHAPRIYA CHIMANBHAI DHARAMSHIBHAI,M,BJP,99.95
13529,2012,81,KHAMBHALIA,GEN,POONAMBEN HEMATBHAI MADAM,F,BJP,99.95
13556,2012,82,DWARKA,GEN,PABUBHA VIRAMBHA MANEK,M,BJP,99.98
13558,2012,83,PORBANDAR,GEN,BABUBHAI BHIMABHAI BOKHIRIA,M,BJP,99.96
13570,2012,84,KUTIYANA,GEN,KANDHAL SARMANBHAI JADEJA,M,NCP,99.93
13579,2012,85,MANAVADAR,GEN,CHAVDA JAWAHARBHAI PETHALAJIBHAI,M,INC,99.98
13588,2012,86,JUNAGADH,GEN,MASHRU MAHENDRABHAI LILADHARBHAI,M,BJP,99.83
13599,2012,87,VISAVADAR,GEN,KESHUBHAI SAVDASBHAI PATEL,M,GPP,99.99
13613,2012,88,KESHOD,GEN,ARVINDBHAI KESHAVBHAI LADANI,M,BJP,99.84
13622,2012,89,MANGROL,GEN,CHUDASAMA RAJESHBHAI NARANBHAI,M,BJP,99.95
13630,2012,90,SOMNATH,GEN,BARAD JASHUBHAI DHANABHAI,M,INC,99.9
13644,2012,91,TALALA,GEN,JASHUBHAI DHANABHAI BARAD,M,INC,99.94
13653,2012,92,KODINAR,SC,SOLANKI JETHABHAI DANABHAI,M,BJP,99.97
13657,2012,93,UNA,GEN,VANSH PUNJABHAI BHIMABHAI,M,INC,99.9
13662,2012,94,DHARI,GEN,KOTADIYA NALINBHAI NANJIBHAI,M,GPP,99.95
13682,2012,95,AMRELI,GEN,PARESH DHANANI,M,INC,99.92
13684,2012,96,LATHI,GEN,BAVKUBHAI NATHABHAI UNDHAD,M,INC,99.96
13694,2012,97,SAVARKUNDLA,GEN,VAGHASIYA VALLABHBHAI VASHARAMBHAI (V.V.VAGHASIYA),M,BJP,99.99
13703,2012,98,RAJULA,GEN,SOLANKI HIRABHAI ODHAVJIBHAI,M,BJP,99.93
13712,2012,99,MAHUVA,GEN,MAKWANA BHAVANABEN RAGHAVBHAI,F,BJP,99.89
13720,2012,100,TALAJA,GEN,SHYAL BHARTIBEN DHIRUBHAI,F,BJP,99.9
13727,2012,101,GARIADHAR,GEN,KESHUBHAI HIRJIBHAI NAKARANI,M,BJP,99.99
13743,2012,102,PALITANA,GEN,RATHOD PRAVINBHAI JINABHAI,M,INC,99.94
13758,2012,103,BHAVNAGAR RURAL,GEN,PARSHOTTAMBHAI ODHAVJIBHAI SOLANKI,M,BJP,99.96
13765,2012,104,BHAVNAGAR EAST,GEN,DAVE VIBHAVARIBEN VIJAYBHAI (VIBHABEN DAVE),F,BJP,99.78
13771,2012,105,BHAVNAGAR WEST,GEN,JITENDRABHAI SAVJIBHAI VAGHANI (JITU VAGHANI),M,BJP,99.86
13784,2012,106,GADHADA,SC,ATMARAM MAKANBHAI PARMAR,M,BJP,99.94
13796,2012,107,BOTAD,GEN,MANIYA THAKARSHIBHAI DEVJIBHAI,M,BJP,99.97
13807,2012,108,KHAMBHAT,GEN,SANJAYKUMAR RAMANBHAI PATEL,M,BJP,99.88
13811,2012,109,BORSAD,GEN,PARMAR RAJENDRASINH DHIRSINH,M,INC,99.88
13821,2012,110,ANKLAV,GEN,AMIT CHAVDA,M,INC,100
13824,2012,111,UMRETH,GEN,JAYANTBHAI RAMANBHAI PATEL (BOSKEY),M,NCP,99.99
13837,2012,112,ANAND,GEN,DILIPBHAI MANIBHAI PATEL,M,BJP,99.99
13843,2012,113,PETLAD,GEN,NIRANJAN PURSOTTAMDAS PATEL,M,INC,99.96
13853,2012,114,SOJITRA,GEN,PARMAR PUNAMBHAI MADHABHAI,M,INC,99.96
13856,2012,115,MATAR,GEN,CHAUHAN DEVUSINH JESINGBHAI,M,BJP,99.9
13873,2012,116,NADIAD,GEN,DESAI PANKAJKUMAR VINUBHAI (GOTIYO),M,BJP,99.69
13879,2012,117,MEHMEDABAD,GEN,GAUTAMBHAI RAVJIBHAI CHAUHAN,M,INC,99.99
13885,2012,118,MAHUDHA,GEN,THAKOR NATVARSINH FULSINH,M,INC,99.43
13893,2012,119,THASRA,GEN,PARMAR RAMSINH PRABHATBHAI,M,INC,99.65
13901,2012,120,KAPADVANJ,GEN,SHANKERSINH VAGHELA (BAPU),M,INC,99.86
13908,2012,121,BALASINOR,GEN,CHAUHAN MANSINH KOHYABHAI,M,INC,99.85
13915,2012,122,LUNAVADA,GEN,HIRABHAI HARIBHAI PATEL,M,INC,99.97
13925,2012,123,SANTRAMPUR,ST,DAMOR GENDALBHAI MOTIBHAI,M,INC,99.92
13932,2012,124,SHEHRA,GEN,AHIR (BHARWAD) JETHABHAI GHELABHAI,M,BJP,99.92
13937,2012,125,MORVA HADAF,ST,KHANT SAVITABEN VECHATBHAI,F,INC,99.85
13946,2012,126,GODHRA,GEN,C.K. RAULJI,M,INC,99.86
13956,2012,127,KALOL,GEN,RATHOD ARVINDSINH DAMSINH,M,BJP,99.96
13959,2012,128,HALOL,GEN,PARMAR JAYDRATHSINHJI CHANDRASINHJI,M,BJP,99.96
13965,2012,129,FATEPURA,ST,KATARA  RAMESHBHAI BHURABHAI,M,BJP,99.98
13966,2012,130,JHALOD,ST,GARASIYA MITESHBHAI KALABHAI,M,INC,99.88
13974,2012,131,LIMKHEDA,ST,BHABHOR JASWANTSINH SUMANBHAI,M,BJP,99.99
13978,2012,132,DAHOD,ST,PANADA VAJESINGBHAI PARSINGBHAI,M,INC,99.98
13990,2012,133,GARBADA,ST,BARIYA CHANDRIKABEN CHHAGANBHAI,F,INC,99.99
13992,2012,134,DEVGADH BARIA,GEN,KHABAD BACHUBHAI MAGANBHAI,M,BJP,99.84
14003,2012,135,SAVLI,GEN,INAMDAR KETANBHAI MAHENDRABHAI,M,IND,99.96
14009,2012,136,VAGHODIA,GEN,SHRIVASTAV MADHUBHAI BABUBHAI,M,BJP,99.99
14020,2012,137,CHHOTA UDAIPUR,ST,RATHWA MOHANSINH CHHOTUBHAI,M,INC,99.92
14024,2012,138,JETPUR-I,ST,RATHAVA JAYANTIBHAI SAVAJIBHAI,M,BJP,99.98
14032,2012,139,SANKHEDA,ST,BHIL DHIRUBHAI CHUNILAL,M,INC,99.98
14037,2012,140,DABHOI,GEN,BALKRISHNABHAI NARANBHAI PATEL,M,BJP,99.96
14042,2012,141,VADODARA CITY,SC,VAKIL MANISHA RAJIVBHAI,F,BJP,99.98
14054,2012,142,SAYAJIGANJ,GEN,SUKHADIYA JITENDRA RATILAL SUKHADIYA,M,BJP,99.75
14061,2012,143,AKOTA,GEN,SAURABH PATEL,M,BJP,99.9
14074,2012,144,RAOPURA,GEN,RAJENDRA TRIVEDI (RAJUBHAI VAKIL),M,BJP,99.92
14077,2012,145,MANJALPUR,GEN,YOGESH PATEL,M,BJP,99.91
14085,2012,146,PADRA,GEN,DINESHBHAI BALUBHAI PATEL (DINUMAMA),M,BJP,99.97
14094,2012,147,KARANJ,GEN,SATISHBHAI MOTIBHAI PATEL,M,BJP,100
14111,2012,148,NANDOD,ST,TADVI SHABDASHARAN BHAILALBHAI,M,BJP,99.92
14115,2012,149,DEDIAPADA,ST,MOTILAL PUNIABHAI VASAVA,M,BJP,99.99
14124,2012,150,JAMBUSAR,GEN,CHHATRASINHJI PUJABHAI MORI,M,BJP,99.77
14135,2012,151,VAGRA,GEN,ARUNSINH AJITSINH RANA,M,BJP,99.94
14144,2012,152,JHAGADIA,ST,VASAVA CHHOTUBHAI AMARASINHBHAI,M,JD(U),99.98
14148,2012,153,BHARUCH,GEN,DUSHYANTBHAI RAJNIKANT PATEL,M,BJP,99.75
14157,2012,154,ANKLESHWAR,GEN,ISHWARSINH THAKORBHAI PATEL,M,BJP,99.94
14177,2012,155,OLPAD,GEN,MUKESHBHAI ZINABHAI PATEL,M,BJP,99.86
14181,2012,156,MANGROL-I,ST,VASAVA GANPATSINH VESTABHAI,M,BJP,99.91
14185,2012,157,MANDVI-I,ST,VASAVA PRABUBHAI NAGARBHAI,M,INC,99.83
14194,2012,158,KAMREJ,GEN,PANSHERIYA PRAFULBHAI CHHAGANBHAI,M,BJP,99.96
14202,2012,159,SURAT CITY EAST,GEN,GILITWALA RANJITBHAI MANGUBHAI,M,BJP,100
14216,2012,160,SURAT CITY NORTH,GEN,CHOKSI AJAYKUMAR  JASHVANTLAL,M,BJP,100
14236,2012,161,VARACHHA ROAD,GEN,KANANI KISHORBHAI SHIVABHAI (KUMAR),M,BJP,99.97
14238,2012,162,KARANJ-I,GEN,KACHHADIYA JANAKBHAI MANJIBHAI,M,BJP,99.98
14251,2012,163,LIMBAYAT,GEN,PATIL SANGITABEN RAJENDRABHAI,F,BJP,99.98
14262,2012,164,UDHNA,GEN,NAROTTAMBHAI PATEL,M,BJP,99.94
14272,2012,165,MAJURA,GEN,SANGHVI HARSH RAMESHKUMAR,M,BJP,99.9
14279,2012,166,KATARGAM,GEN,VANANI NANUBHAI BHAGWANBHAI (NANUBHAI PATEL),M,BJP,99.98
14287,2012,167,SURAT CITY WEST,GEN,KISHORBHAI RATILAL VANKAWALA,M,BJP,99.92
14292,2012,168,CHORASI,GEN,RAJENDRABHAI PARABHUBHAI PATEL (RAJABHAI),M,BJP,99.91
14307,2012,169,BARDOLI,SC,PARMAR ISHWARBHAI ALIAS ANILBHAI RAMANBHAI,M,BJP,99.94
14314,2012,170,MAHUVA-I,ST,DHODIYA MOHANBHAI DHANJIBHAI,M,BJP,99.94
14319,2012,171,VYARA,ST,PUNABHAI DHEDABHAI GAMIT,M,INC,99.92
14329,2012,172,NIJHAR,ST,GAMIT KANTILALBHAI RESHMABHAI,M,BJP,99.9
14344,2012,173,DANGS,ST,GAVIT MANGALBHAI GANGAJIBHAI,M,INC,99.93
14348,2012,174,JALALPORE,GEN,R.C. PATEL,M,BJP,99.93
14350,2012,175,NAVSARI,GEN,DESAI PIYUSHBHAI DINKARBHAI,M,BJP,99.91
14361,2012,176,GANDEVI,ST,MANGUBHAI CHHAGANBHAI PATEL,M,BJP,99.99
14363,2012,177,VANSDA,ST,CHAUDHARI CHHANABHAI KOLUBHAI,M,INC,99.86
14369,2012,178,DHARAMPUR,ST,ISHWARBHAI DHEDABHAI PATEL,M,INC,99.93
14373,2012,179,VALSAD,GEN,BHARATBHAI KIKUBHAI PATEL,M,BJP,99.89
14381,2012,180,PARDI,GEN,KANUBHAI MOHANLAL DESAI,M,BJP,99.98
14394,2012,181,KAPRADA,ST,CHAUDHARI JITUBHAI HARJIBHAI,M,INC,99.99
14401,2012,182,UMBERGAON,ST,PATKAR RAMANBHAI NANUBHAI,M,BJP,100